,0,1,2,3,4,5,6,7,8,9,10,11,12,13,14,15,16,17,18,19,20,21,22,23,24,25,26,27,28,29,30,31,32,33,34,35,36,37,38,39,40,41,42,43,44,45,46,47,48,49,50
0,0.0,0.02,0.04,0.06,0.08,0.1,0.12,0.14,0.16,0.18,0.2,0.22,0.24,0.26,0.28,0.3,0.32,0.34,0.36,0.38,0.4,0.42,0.44,0.46,0.48,0.5,0.52,0.54,0.56,0.58,0.6,0.62,0.64,0.66,0.68,0.7000000000000001,0.72,0.74,0.76,0.78,0.8,0.8200000000000001,0.84,0.86,0.88,0.9,0.92,0.9400000000000001,0.96,0.98,1.0
1,1.0004441719502211e-15,0.020400003200000197,0.04080001280000003,0.061200028799999986,0.08160005119999997,0.10200007999999998,0.12240011519999996,0.1428001568,0.1632002048,0.18360025919999998,0.20400031999999998,0.2244003871999999,0.2448004607999999,0.26520054079999994,0.28560062719999996,0.3060007199999999,0.32640081919999986,0.34680092479999974,0.36720103679999966,0.38760115519999966,0.40800127999999974,0.4284014111999997,0.4488015487999997,0.4692016927999997,0.4896018431999996,0.5100019999999997,0.5304021631999996,0.5508023327999998,0.5712025087999999,0.5916026911999998,0.6120028799999996,0.6324030751999996,0.6528032767999995,0.6732034847999997,0.6936036992,0.7140039199999997,0.7344041471999997,0.7548043807999996,0.7752046207999995,0.7956048671999991,0.8160051199999993,0.8364053791999995,0.8568056447999994,0.8772059167999997,0.8976061951999998,0.9180064799999998,0.9384067712000002,0.9588070688000001,0.9792073727999999,0.9996076832,1.020008
2,-1.3790856505057958e-15,0.020800025599999758,0.04160010239999993,0.06240023039999994,0.08320040959999993,0.10400063999999996,0.1248009215999999,0.14560125439999994,0.1664016384,0.18720207359999996,0.20800255999999995,0.22880309759999987,0.24960368639999989,0.2704043263999999,0.29120501759999984,0.3120057599999998,0.33280655359999967,0.35360739839999955,0.37440829439999945,0.3952092415999994,0.4160102399999995,0.4368112895999995,0.45761239039999957,0.4784135423999995,0.4992147455999995,0.5200159999999995,0.5408173055999996,0.5616186623999997,0.5824200703999997,0.6032215295999996,0.6240230399999998,0.6448246015999997,0.6656262143999995,0.6864278783999996,0.7072295935999996,0.7280313599999996,0.7488331775999998,0.7696350463999996,0.7904369663999993,0.8112389375999993,0.8320409599999988,0.852843033599999,0.8736451583999995,0.8944473343999997,0.9152495616000001,0.9360518400000004,0.9568541696000002,0.9776565504,0.9984589823999999,1.0192614655999999,1.040064
3,1.8361666751621955e-15,0.021200086400000283,0.04240034560000001,0.06360077759999994,0.0848013823999999,0.10600215999999993,0.12720311039999987,0.1484042335999999,0.16960552959999997,0.19080699839999998,0.2120086399999998,0.2332104543999998,0.25441244159999976,0.2756146015999997,0.29681693439999984,0.3180194399999998,0.3392221183999996,0.3604249695999995,0.3816279935999995,0.40283119039999954,0.42403455999999934,0.4452381023999993,0.4664418175999994,0.4876457055999996,0.5088497663999992,0.5300539999999991,0.5512584063999993,0.5724629855999996,0.5936677375999997,0.6148726623999998,0.6360777599999997,0.6572830303999995,0.6784884735999993,0.6996940895999996,0.7208998783999994,0.7421058399999996,0.7633119743999998,0.7845182815999996,0.8057247615999997,0.8269314143999994,0.8481382399999992,0.8693452383999993,0.8905524095999993,0.9117597535999997,0.9329672704,0.9541749600000007,0.9753828224000007,0.9965908576000003,1.0177990656000002,1.0390074464000003,1.060216
4,-2.7352992228348547e-15,0.02160020479999952,0.043200819199999865,0.06480184319999986,0.08640327679999985,0.10800511999999986,0.12960737279999984,0.1512100351999999,0.17281310719999987,0.19441658879999985,0.2160204799999998,0.2376247807999998,0.25922949119999966,0.2808346111999997,0.3024401407999997,0.32404607999999974,0.34565242879999974,0.3672591871999995,0.38886635519999946,0.4104739327999994,0.43208191999999945,0.4536903167999994,0.4752991231999997,0.49690833919999955,0.5185179647999993,0.5401279999999993,0.5617384447999993,0.5833492991999994,0.6049605631999996,0.6265722367999996,0.6481843199999998,0.6697968127999996,0.6914097151999994,0.7130230271999993,0.7346367487999992,0.7562508799999995,0.7778654207999999,0.7994803711999999,0.8210957311999995,0.8427115007999996,0.8643276799999993,0.8859442687999991,0.9075612671999997,0.9291786751999999,0.9507964928,0.9724147200000007,0.9940333568000012,1.0156524032000012,1.0372718592000012,1.058891724800001,1.0805120000000001
5,3.133772535956715e-15,0.022000400000000662,0.04400160000000008,0.0660035999999999,0.0880063999999998,0.11000999999999976,0.13201439999999975,0.15401959999999976,0.1760255999999998,0.19803239999999983,0.22003999999999982,0.24204839999999977,0.2640575999999997,0.28606759999999964,0.3080783999999997,0.3300899999999998,0.35210239999999976,0.37411559999999955,0.3961295999999995,0.4181443999999994,0.44015999999999955,0.46217639999999977,0.4841935999999997,0.5062115999999997,0.5282303999999997,0.5502499999999997,0.5722703999999996,0.5942915999999996,0.6163135999999999,0.6383363999999998,0.66036,0.6823844000000002,0.7044095999999997,0.7264355999999993,0.7484623999999991,0.7704899999999995,0.7925183999999997,0.8145476,0.8365775999999996,0.8586083999999998,0.8806399999999996,0.9026723999999995,0.9247055999999999,0.9467396,0.9687744000000005,0.9908100000000005,1.0128464000000013,1.0348836000000012,1.0569216000000008,1.0789604000000004,1.101
6,3.462922512282459e-16,0.022400691199999927,0.044802764799999874,0.06720622079999984,0.0896110591999998,0.11201727999999976,0.1344248831999997,0.15683386879999972,0.17924423679999976,0.20165598719999972,0.22406911999999973,0.24648363519999972,0.2688995327999997,0.2913168127999996,0.31373547519999967,0.3361555199999997,0.35857694719999966,0.3809997567999996,0.4034239487999995,0.42584952319999947,0.4482764799999996,0.4707048191999997,0.49313454079999974,0.5155656447999998,0.5379981311999997,0.5604319999999996,0.5828672511999997,0.6053038847999999,0.6277419008000001,0.6501812992,0.6726220800000001,0.6950642432000002,0.7175077888,0.7399527167999997,0.7623990271999993,0.7848467199999996,0.8072957951999995,0.8297462527999997,0.8521980927999997,0.8746513151999997,0.8971059199999994,0.9195619071999996,0.9420192768000002,0.9644780287999998,0.9869381632000007,1.0093996800000005,1.0318625792000007,1.0543268608000007,1.0767925248000005,1.0992595711999997,1.121728
7,-4.862919307970438e-15,0.022801097599998817,0.04560439039999958,0.06840987839999974,0.09121756159999977,0.11402743999999974,0.1368395135999997,0.15965378239999972,0.1824702463999997,0.20528890559999968,0.22810975999999972,0.2509328095999997,0.2737580543999997,0.29658549439999965,0.31941512959999974,0.34224695999999966,0.3650809855999999,0.38791720639999966,0.41075562239999946,0.43359623359999955,0.45643903999999963,0.47928404159999966,0.5021312383999997,0.5249806303999998,0.5478322175999997,0.5706859999999997,0.5935419775999997,0.6164001503999997,0.6392605183999999,0.6621230815999998,0.6849878399999997,0.7078547935999998,0.7307239423999997,0.7535952863999997,0.7764688255999997,0.7993445599999996,0.8222224895999996,0.8451026143999996,0.8679849343999996,0.8908694495999995,0.9137561599999997,0.9366450656,0.9595361664000006,0.9824294624000004,1.0053249536000008,1.0282226400000005,1.0511225216000006,1.0740245984000008,1.0969288704000009,1.1198353376,1.142744
8,4.948284729872292e-15,0.023201638400000623,0.046406553599999914,0.0696147455999998,0.09282621439999975,0.11604095999999965,0.1392589823999996,0.16248028159999958,0.18570485759999963,0.2089327103999996,0.2321638399999996,0.2553982463999996,0.2786359295999997,0.30187688959999964,0.3251211263999996,0.3483686399999996,0.37161943039999973,0.3948734975999996,0.4181308415999996,0.44139146239999955,0.4646553599999997,0.4879225343999998,0.5111929855999997,0.5344667135999996,0.5577437183999998,0.5810239999999999,0.6043075583999997,0.6275943935999998,0.6508845055999998,0.6741778943999995,0.6974745599999995,0.7207745023999999,0.7440777215999997,0.7673842175999996,0.7906939903999997,0.8140070399999996,0.8373233663999996,0.8606429695999999,0.8839658496000001,0.9072920063999997,0.9306214399999997,0.9539541504,0.9772901376,1.0006294016000001,1.0239719424000004,1.0473177600000008,1.0706668544000013,1.094019225600001,1.1173748736000007,1.1407337983999999,1.164096
9,-5.806461593300484e-15,0.023602332799998807,0.04720933119999958,0.07082099519999968,0.09443732479999967,0.11805831999999955,0.14168398079999947,0.16531430719999948,0.18894929919999953,0.21258895679999945,0.23623327999999943,0.2598822687999993,0.28353592319999943,0.30719424319999944,0.33085722879999946,0.35452487999999943,0.3781971967999997,0.4018741791999996,0.4255558271999996,0.4492421407999995,0.47293311999999954,0.4966287647999998,0.5203290751999998,0.5440340511999997,0.5677436927999999,0.5914579999999999,0.6151769727999998,0.6389006112,0.6626289152,0.6863618847999997,0.7100995199999995,0.7338418207999999,0.7575887871999998,0.7813404191999999,0.8050967167999997,0.8288576799999997,0.8526233087999999,0.8763936031999997,0.9001685632000003,0.9239481887999997,0.94773248,0.9715214368000002,0.9953150592000004,1.019113347200001,1.0429163008000006,1.066723920000001,1.0905362048000014,1.1143531552000012,1.1381747712000005,1.1620010528,1.185832
10,5.8164052672065586e-15,0.02400320000000082,0.04801279999999982,0.07202879999999959,0.0960511999999995,0.12007999999999944,0.1441151999999994,0.16815679999999933,0.1922047999999993,0.2162591999999993,0.24031999999999928,0.2643871999999992,0.28846079999999924,0.3125407999999993,0.33662719999999935,0.36071999999999943,0.38481919999999953,0.40892479999999953,0.43303679999999944,0.4571551999999994,0.48127999999999926,0.5054111999999996,0.5295487999999996,0.5536927999999999,0.5778431999999999,0.602,0.6261632000000001,0.6503328000000002,0.6745087999999999,0.6986911999999998,0.7228799999999997,0.7470751999999999,0.7712767999999999,0.7954848000000001,0.8196992,0.8439199999999998,0.8681472,0.8923807999999996,0.9166208000000005,0.9408672,0.9651200000000002,0.9893792000000006,1.0136448000000007,1.037916800000001,1.0621952000000012,1.0864800000000014,1.1107712000000012,1.135068800000001,1.1593728000000005,1.1836832000000004,1.208
11,-3.776740715650003e-15,0.02440425919999884,0.04881703679999929,0.07323833279999935,0.0976681471999993,0.12210647999999927,0.14655333119999925,0.17100870079999925,0.19547258879999918,0.21994499519999916,0.2444259199999991,0.2689153631999991,0.29341332479999915,0.3179198047999992,0.34243480319999925,0.3669583199999993,0.39149035519999936,0.4160309087999994,0.4405799807999993,0.4651375711999994,0.48970367999999953,0.5142783071999997,0.5388614527999996,0.5634531167999998,0.5880532992,0.6126619999999998,0.6372792191999999,0.6619049568000002,0.6865392128000002,0.7111819871999999,0.73583328,0.7604930912000001,0.7851614208000002,0.8098382688000001,0.8345236352000001,0.8592175200000002,0.8839199232000002,0.9086308447999998,0.9333502848000002,0.9580782431999996,0.9828147199999998,1.0075597152000004,1.0323132288000014,1.0570752608000014,1.081845811200001,1.106624880000001,1.1314124672000005,1.156208572800001,1.1810131968000006,1.2058263392000013,1.230648
12,-1.810890772156221e-15,0.024805529599999033,0.04962211839999925,0.07444976639999926,0.09928847359999919,0.12413823999999915,0.14899906559999906,0.17387095039999906,0.198753894399999,0.223647897599999,0.24855295999999902,0.27346908159999905,0.2983962623999991,0.323334502399999,0.34828380159999905,0.37324415999999905,0.3982155775999991,0.42319805439999914,0.4481915903999991,0.47319618559999926,0.4982118399999994,0.5232385535999994,0.5482763263999995,0.5733251583999996,0.5983850495999996,0.623456,0.6485380096000003,0.6736310784000004,0.6987352064000004,0.7238503936,0.7489766400000001,0.7741139456000001,0.7992623104000002,0.8244217344000001,0.8495922175999998,0.8747737600000001,0.8999663616000002,0.9251700223999999,0.9503847423999999,0.9756105215999994,1.0008473599999992,1.0260952575999998,1.0513542144000008,1.076624230400001,1.1019053056000012,1.1271974400000013,1.152500633600001,1.1778148864000009,1.2031401984,1.228476569600001,1.253824
13,2.008607871380752e-15,0.02520703039999986,0.05042812159999942,0.07566327359999926,0.10091248639999914,0.12617575999999903,0.15145309439999902,0.17674448959999897,0.20204994559999892,0.22736946239999883,0.25270303999999894,0.278050678399999,0.303412377599999,0.3287881375999989,0.35417795839999894,0.37958183999999884,0.40499978239999873,0.4304317855999989,0.4558778495999991,0.48133797439999926,0.5068121599999993,0.5323004063999993,0.5578027135999993,0.5833190815999996,0.6088495103999999,0.6343940000000003,0.6599525504000004,0.6855251616000005,0.7111118336000002,0.7367125664000003,0.7623273600000005,0.7879562144000005,0.8135991296000006,0.8392561056000001,0.8649271424000002,0.8906122400000002,0.9163113984000001,0.9420246175999997,0.9677518975999997,0.9934932383999997,1.0192486399999994,1.0450181024,1.0708016256000006,1.0965992096000012,1.1224108544000013,1.1482365600000015,1.1740763264000016,1.1999301536000007,1.2257980416000003,1.2516799904000004,1.277576
14,-3.3092845232615797e-15,0.02560878079999899,0.05123512319999923,0.07687902719999917,0.10254049279999906,0.12821951999999898,0.15391610879999892,0.1796302591999989,0.20536197119999877,0.23111124479999876,0.2568780799999988,0.2826624767999988,0.30846443519999883,0.3342839551999987,0.3601210367999988,0.38597567999999854,0.41184788479999856,0.4377376511999988,0.46364497919999914,0.48956986879999914,0.5155123199999991,0.5414723327999993,0.5674499071999994,0.5934450431999998,0.6194577408000002,0.6454880000000005,0.6715358208000008,0.6976012032000004,0.7236841472000002,0.7497846528000003,0.7759027200000007,0.8020383488000005,0.8281915392000001,0.8543622911999998,0.8805506047999997,0.9067564799999998,0.9329799167999994,0.9592209151999994,0.9854794751999996,1.0117555967999994,1.0380492799999999,1.0643605248000005,1.0906893312000008,1.1170356992000012,1.1433996288000017,1.1697811200000015,1.1961801728000014,1.2225967872000012,1.2490309632000003,1.2754827008000003,1.301952
15,3.073549957881981e-15,0.026010800000000153,0.052043199999999366,0.07809719999999912,0.10417279999999896,0.13026999999999886,0.15638879999999883,0.18252919999999878,0.2086911999999986,0.23487479999999855,0.2610799999999985,0.2873067999999985,0.3135551999999985,0.33982519999999844,0.3661167999999986,0.3924299999999984,0.41876479999999827,0.44512119999999855,0.47149919999999884,0.4978987999999989,0.524319999999999,0.5507627999999991,0.5772271999999995,0.6037131999999997,0.6302208000000001,0.6567500000000005,0.6833008000000007,0.7098732000000005,0.7364672000000003,0.7630828000000004,0.7897200000000006,0.8163788000000001,0.8430591999999999,0.8697611999999995,0.8964847999999994,0.9232299999999993,0.9499967999999991,0.9767851999999992,1.0035951999999995,1.0304267999999992,1.0572799999999998,1.0841548,1.1110512000000006,1.137969200000001,1.164908800000001,1.1918700000000018,1.2188528000000023,1.2458572000000012,1.2728832,1.2999308000000003,1.327
16,0.0,0.026413107199999182,0.052852428799998984,0.07931796479999895,0.10580971519999888,0.13232767999999878,0.1588718591999988,0.18544225279999874,0.21203886079999862,0.2386616831999985,0.26531071999999833,0.2919859711999983,0.3186874367999983,0.34541511679999815,0.37216901119999823,0.3989491199999981,0.4257554431999982,0.4525879807999984,0.4794467327999985,0.5063316991999985,0.5332428799999988,0.560180275199999,0.5871438847999993,0.6141337087999995,0.6411497472000001,0.6681920000000001,0.6952604672000006,0.7223551488000006,0.7494760448000007,0.7766231552000005,0.8037964800000005,0.8309960191999999,0.8582217727999991,0.8854737407999991,0.912751923199999,0.9400563199999991,0.967386931199999,0.994743756799999,1.0221267967999987,1.049536051199999,1.0769715199999994,1.1044332032000002,1.1319211008000003,1.1594352128000005,1.1869755392000008,1.2145420800000013,1.2421348352000023,1.2697538048000017,1.2973989888000013,1.3250703872000007,1.352768
17,-6.621670297888644e-15,0.026815721599997584,0.05366288639999855,0.08054149439999879,0.10745154559999884,0.1343930399999988,0.16136597759999882,0.18837035839999872,0.21540618239999854,0.2424734495999985,0.26957215999999834,0.29670231359999827,0.32386391039999807,0.35105695039999807,0.378281433599998,0.4055373599999978,0.43282472959999796,0.4601435423999981,0.48749379839999835,0.5148754975999985,0.5422886399999984,0.5697332255999987,0.597209254399999,0.6247167263999994,0.6522556416,0.6798260000000003,0.7074278016000004,0.7350610464000006,0.7627257344000011,0.7904218656000006,0.8181494400000003,0.8459084575999998,0.873698918399999,0.9015208223999986,0.9293741695999985,0.9572589599999985,0.9851751935999988,1.0131228703999988,1.0411019903999985,1.069112553599999,1.097154559999999,1.1252280095999998,1.1533329024000003,1.1814692384000003,1.209637017600001,1.2378362400000011,1.2660669056000016,1.2943290144000008,1.3226225664000004,1.3509475616000002,1.379304
18,6.701045347335526e-16,0.02721866239999921,0.05447464959999894,0.08176796159999888,0.10909859839999891,0.13646655999999882,0.1638718463999988,0.19131445759999874,0.21879439359999864,0.24631165439999844,0.2738662399999985,0.30145815039999835,0.32908738559999823,0.35675394559999796,0.38445783039999787,0.4121990399999978,0.4399775743999979,0.467793433599998,0.49564661759999795,0.5235371263999982,0.5514649599999981,0.5794301183999985,0.6074326015999988,0.6354724095999992,0.6635495423999999,0.6916640000000002,0.7198157824000003,0.7480048896000003,0.7762313216000004,0.8044950783999999,0.8327961599999993,0.861134566399999,0.8895102975999988,0.9179233535999983,0.9463737343999981,0.9748614399999982,1.0033864703999988,1.0319488255999985,1.0605485055999981,1.0891855103999988,1.1178598399999993,1.1465714943999992,1.1753204735999998,1.2041067775999998,1.2329304064000008,1.2617913600000012,1.2906896384000008,1.3196252416000003,1.3485981695999996,1.3776084223999996,1.406656
19,1.6950746134593427e-15,0.027621948799999643,0.05528779519999916,0.08299753919999897,0.11075118079999888,0.13854871999999882,0.16639015679999877,0.19427549119999865,0.22220472319999857,0.2501778527999985,0.2781948799999984,0.3062558047999983,0.33436062719999815,0.3625093471999979,0.3907019647999977,0.4189384799999977,0.4472188927999977,0.4755432031999977,0.5039114111999977,0.5323235167999977,0.5607795199999979,0.5892794207999982,0.6178232191999987,0.6464109151999988,0.675042508799999,0.7037179999999995,0.7324373888000001,0.7612006751999999,0.7900078591999997,0.8188589407999992,0.8477539199999987,0.8766927967999983,0.9056755711999983,0.9347022431999984,0.9637728127999979,0.992887279999998,1.0220456447999986,1.0512479071999987,1.0804940671999992,1.1097841247999989,1.1391180799999991,1.1684959327999993,1.1979176831999994,1.2273833311999995,1.2568928768000003,1.2864463200000005,1.3160436608000006,1.3456848992000001,1.3753700351999993,1.4050990687999994,1.434872
20,-2.9960871830850033e-15,0.02802559999999852,0.056102399999998866,0.08423039999999889,0.11240959999999889,0.1406399999999988,0.16892159999999876,0.1972543999999986,0.2256383999999985,0.25407359999999835,0.28255999999999826,0.31109759999999814,0.33968639999999795,0.36832639999999767,0.3970175999999976,0.4257599999999976,0.45455359999999756,0.48339839999999756,0.5122943999999974,0.5412415999999974,0.5702399999999977,0.599289599999998,0.6283903999999984,0.6575423999999985,0.686745599999999,0.7159999999999991,0.7453055999999991,0.7746623999999991,0.8040703999999989,0.8335295999999989,0.8630399999999987,0.8926015999999982,0.9222143999999979,0.9518783999999981,0.9815935999999978,1.0113599999999976,1.041177599999998,1.0710463999999984,1.1009663999999988,1.1309375999999987,1.1609599999999993,1.1910335999999992,1.2211583999999995,1.2513343999999997,1.2815615999999996,1.3118400000000006,1.3421696000000003,1.3725503999999997,1.4029823999999995,1.4334656000000001,1.464
21,-1.892334911564286e-15,0.02842963519999855,0.05691854079999887,0.08546671679999897,0.11407416319999894,0.14274087999999882,0.17146686719999865,0.20025212479999852,0.22909665279999836,0.25800045119999815,0.2869635199999981,0.31598585919999794,0.3450674687999978,0.3742083487999975,0.4034084991999974,0.4326679199999974,0.4619866111999973,0.491364572799997,0.520801804799997,0.5502983071999972,0.5798540799999974,0.6094691231999977,0.639143436799998,0.6688770207999981,0.6986698751999982,0.7285219999999986,0.7584333951999985,0.7884040607999984,0.8184339967999982,0.8485232031999984,0.8786716799999984,0.9088794271999978,0.9391464447999975,0.9694727327999972,0.9998582911999974,1.0303031199999975,1.0608072191999973,1.0913705887999978,1.1219932287999979,1.1526751391999985,1.183416319999999,1.2142167711999994,1.2450764927999998,1.2759954848000001,1.3069737472000005,1.3380112800000001,1.3691080832000002,1.4002641567999998,1.4314795008,1.4627541152000003,1.4940879999999999
22,-4.021327395360632e-15,0.02883407359999871,0.05773629439999914,0.08670666239999911,0.11574517759999896,0.14485183999999876,0.1740266495999986,0.20326960639999841,0.23258071039999825,0.261959961599998,0.2914073599999979,0.3209229055999978,0.35050659839999754,0.3801584383999974,0.40987842559999726,0.43966655999999726,0.46952284159999713,0.4994472703999971,0.529439846399997,0.5595005695999969,0.5896294399999968,0.6198264575999973,0.6500916223999976,0.6804249343999978,0.7108263935999977,0.7412959999999977,0.7718337535999976,0.8024396543999976,0.8331137023999978,0.8638558975999979,0.8946662399999973,0.9255447295999969,0.9564913663999973,0.9875061503999969,1.0185890815999974,1.0497401599999974,1.0809593855999973,1.1122467583999975,1.1436022783999977,1.1750259455999985,1.206517759999999,1.2380777215999985,1.2697058303999988,1.3014020863999995,1.3331664896000002,1.3649990400000003,1.3968997376000003,1.4288685823999998,1.4609055744,1.4930107135999993,1.5251839999999999
23,6.1898315658985705e-15,0.029238934400001176,0.05855573759999986,0.08795040959999934,0.117422950399999,0.14697335999999875,0.17660163839999854,0.2063077855999983,0.23609180159999812,0.26595368639999795,0.29589343999999773,0.3259110623999977,0.35600655359999756,0.3861799135999973,0.4164311423999973,0.446760239999997,0.47716720639999666,0.5076520415999967,0.5382147455999968,0.5688553183999965,0.5995737599999967,0.6303700703999969,0.6612442495999972,0.6921962975999972,0.723226214399997,0.7543339999999971,0.7855196543999972,0.8167831775999972,0.8481245695999973,0.8795438303999973,0.9110409599999969,0.9426159583999971,0.974268825599997,1.0059995615999968,1.0378081663999963,1.0696946399999963,1.1016589823999963,1.1337011935999968,1.1658212735999969,1.1980192223999973,1.230295039999998,1.2626487263999977,1.2950802815999978,1.327589705599999,1.3601769983999996,1.3928421599999998,1.4255851903999996,1.4584060896,1.4913048576,1.5242814944,1.557336
24,-9.462336047948135e-16,0.029644236799999932,0.05937694719999972,0.08919813119999938,0.11910778879999902,0.1491059199999987,0.1791925247999984,0.20936760319999817,0.23963115519999797,0.2699831807999979,0.30042367999999775,0.33095265279999764,0.3615700991999974,0.39227601919999716,0.423070412799997,0.45395327999999674,0.48492462079999665,0.5159844351999964,0.5471327231999964,0.5783694847999962,0.6096947199999961,0.6411084287999964,0.6726106111999967,0.7042012671999968,0.7358803967999966,0.7676479999999964,0.7995040767999962,0.8314486271999967,0.863481651199997,0.8956031487999968,0.9278131199999958,0.960111564799996,0.9924984831999963,1.0249738751999966,1.0575377407999962,1.090190079999996,1.1229308927999961,1.155760179199996,1.1886779391999966,1.221684172799997,1.254778879999997,1.287962060799997,1.3212337151999975,1.3545938431999989,1.388042444799999,1.4215795199999994,1.4552050687999998,1.4889190912000005,1.5227215872000017,1.5566125568000013,1.590592
25,-1.5770793304365232e-15,0.030049999999999785,0.060199999999999754,0.09044999999999942,0.12079999999999902,0.1512499999999987,0.18179999999999835,0.21244999999999808,0.24319999999999786,0.27404999999999774,0.3049999999999977,0.3360499999999976,0.36719999999999736,0.39844999999999714,0.42979999999999685,0.46124999999999666,0.4927999999999964,0.5244499999999963,0.556199999999996,0.588049999999996,0.619999999999996,0.652049999999996,0.6841999999999963,0.716449999999996,0.7487999999999961,0.7812499999999959,0.8137999999999956,0.8464499999999958,0.8791999999999963,0.9120499999999965,0.9449999999999958,0.9780499999999955,1.0111999999999957,1.0444499999999957,1.0777999999999957,1.1112499999999959,1.1447999999999958,1.1784499999999956,1.2121999999999964,1.2460499999999963,1.2799999999999967,1.3140499999999975,1.3481999999999983,1.3824499999999986,1.4167999999999983,1.45125,1.4858000000000007,1.520450000000001,1.5552000000000017,1.5900500000000022,1.625
26,2.996486823513071e-15,0.03045624320000103,0.0610249728000001,0.09170618879999949,0.12249989119999902,0.15340607999999864,0.18442475519999835,0.215555916799998,0.24679956479999765,0.27815569919999755,0.30962431999999745,0.3412054271999973,0.37289902079999726,0.40470510079999694,0.4366236671999966,0.46865471999999636,0.5007982591999961,0.5330542847999958,0.5654227967999955,0.5979037951999957,0.6304972799999955,0.6632032511999956,0.6960217087999957,0.7289526527999957,0.7619960831999955,0.7951519999999952,0.8284204031999948,0.8618012927999952,0.8952946687999959,0.9289005311999962,0.9626188799999955,0.9964497151999953,1.0303930367999956,1.0644488447999954,1.0986171391999953,1.1328979199999956,1.1672911871999954,1.2017969407999958,1.236415180799996,1.2711459071999966,1.3059891199999973,1.3409448191999978,1.3760130047999986,1.4111936767999989,1.4464868351999984,1.4818924799999995,1.5174106112000003,1.553041228800001,1.5887843328000015,1.6246399232000013,1.660608
27,4.139924025232058e-15,0.030862985600001253,0.06185194240000011,0.09296687039999944,0.12420776959999895,0.15557463999999857,0.1870674815999982,0.21868629439999793,0.2504310783999977,0.2823018335999974,0.3142985599999971,0.3464212575999971,0.37866992639999697,0.4110445663999968,0.4435451775999963,0.476171759999996,0.5089243135999959,0.5418028383999954,0.5748073343999953,0.6079378015999952,0.6411942399999951,0.6745766495999953,0.7080850303999952,0.7417193823999949,0.7754797055999945,0.8093659999999946,0.843378265599995,0.8775165023999951,0.9117807103999955,0.9461708895999955,0.9806870399999948,1.0153291615999944,1.050097254399995,1.0849913183999949,1.1200113535999947,1.1551573599999947,1.1904293375999955,1.2258272863999962,1.2613512063999963,1.2970010975999968,1.3327769599999975,1.3686787935999976,1.4047065983999985,1.4408603743999986,1.4771401215999982,1.5135458399999993,1.5500775296000002,1.586735190400001,1.6235188224000017,1.6604284256000004,1.697464
28,-2.1291211604573586e-15,0.03127024639999972,0.06268098559999966,0.09423221759999925,0.12592394239999885,0.15775615999999854,0.1897288703999982,0.22184207359999783,0.2540957695999975,0.28648995839999736,0.31902463999999703,0.351699814399997,0.3845154815999968,0.41747164159999645,0.45056829439999624,0.48380543999999576,0.5171830783999958,0.5507012095999952,0.584359833599995,0.6181589503999947,0.6520985599999948,0.6861786623999947,0.7203992575999946,0.754760345599994,0.789261926399994,0.823903999999994,0.8586865663999944,0.8936096255999947,0.9286731775999946,0.9638772223999948,0.9992217599999947,1.0347067903999947,1.0703323135999945,1.1060983295999947,1.1420048383999943,1.1780518399999949,1.2142393343999953,1.250567321599996,1.2870358015999965,1.3236447743999968,1.3603942399999973,1.3972841983999973,1.434314649599998,1.4714855935999982,1.5087970303999985,1.546248959999999,1.5838413824000002,1.6215742976000012,1.6594477056000003,1.6974616064,1.735616
29,1.7348512259056732e-15,0.0316780448000001,0.0635121791999996,0.0955024031999992,0.12764871679999884,0.1599511199999985,0.19240961279999802,0.2250241951999977,0.25779486719999745,0.2907216287999972,0.3238044799999969,0.35704342079999674,0.3904384511999965,0.4239895711999962,0.45769678079999593,0.49156007999999574,0.5255794687999955,0.5597549471999951,0.5940865151999947,0.6285741727999944,0.6632179199999944,0.6980177567999942,0.7329736831999942,0.768085699199994,0.8033538047999939,0.8387779999999937,0.8743582847999938,0.910094659199994,0.9459871231999943,0.9820356767999944,1.0182403199999945,1.054601052799995,1.0911178751999946,1.1277907871999944,1.164619788799994,1.2016048799999945,1.2387460607999958,1.2760433311999955,1.3134966911999963,1.351106140799997,1.388871679999997,1.4267933087999973,1.4648710271999976,1.5031048351999974,1.5414947327999977,1.580040719999999,1.6187427968,1.657600963200001,1.6966152192,1.7357855647999998,1.775112
30,-4.652581907156373e-15,0.032086399999999335,0.0643455999999995,0.09677759999999916,0.12938239999999876,0.16215999999999836,0.19511039999999802,0.2282335999999976,0.2615295999999973,0.29499839999999705,0.32863999999999677,0.36245439999999657,0.3964415999999962,0.4306015999999959,0.4649343999999956,0.4994399999999952,0.5341183999999951,0.568969599999995,0.6039935999999947,0.6391903999999942,0.6745599999999942,0.710102399999994,0.7458175999999939,0.7817055999999936,0.8177663999999933,0.8539999999999933,0.8904063999999933,0.9269855999999933,0.963737599999994,1.0006623999999942,1.037759999999994,1.0750303999999944,1.1124735999999946,1.1500895999999945,1.1878783999999942,1.2258399999999947,1.2639743999999955,1.3022815999999957,1.340761599999996,1.3794143999999966,1.4182399999999968,1.457238399999997,1.496409599999997,1.5357535999999967,1.575270399999997,1.614959999999998,1.654822399999999,1.6948576000000004,1.7350656000000004,1.7754463999999996,1.8159999999999998
31,1.1710367752053761e-14,0.03249533120000239,0.06518132479999998,0.09805798079999914,0.13112529919999868,0.16438327999999827,0.19783192319999796,0.23147122879999757,0.2653011967999973,0.299321827199997,0.33353311999999663,0.36793507519999613,0.4025276927999958,0.4373109727999954,0.4722849151999952,0.5074495199999952,0.5428047871999951,0.5783507167999945,0.6140873087999941,0.6500145631999937,0.6861324799999937,0.7224410591999934,0.7589403007999932,0.7956302047999931,0.8325107711999931,0.8695819999999929,0.9068438911999929,0.9442964447999929,0.9819396607999935,1.019773539199994,1.0577980799999944,1.0960132831999942,1.1344191487999944,1.173015676799995,1.2118028671999952,1.2507807199999954,1.2899492351999953,1.329308412799995,1.3688582527999955,1.4085987551999959,1.448529919999996,1.4886517471999956,1.5289642367999958,1.569467388799996,1.6101612031999957,1.6510456799999969,1.6921208191999981,1.7333866207999995,1.7748430847999999,1.8164902112,1.8583280000000002
32,-5.362344772404719e-15,0.03290485759999853,0.0660194303999989,0.09934371839999871,0.13287772159999842,0.16662143999999812,0.20057487359999784,0.23473802239999744,0.2691108863999971,0.30369346559999677,0.3384857599999964,0.373487769599996,0.4086994943999957,0.4441209343999952,0.47975208959999494,0.5155929599999949,0.5516435455999946,0.5879038463999942,0.6243738623999936,0.6610535935999932,0.697943039999993,0.7350422015999929,0.7723510783999927,0.8098696703999927,0.8475979775999926,0.8855359999999923,0.9236837375999924,0.9620411903999927,1.000608358399993,1.0393852415999938,1.0783718399999946,1.1175681535999942,1.156974182399994,1.1965899263999948,1.236415385599995,1.2764505599999951,1.316695449599995,1.3571500543999946,1.3978143743999945,1.4386884095999948,1.479772159999995,1.521065625599995,1.562568806399995,1.6042817023999951,1.646204313599995,1.6883366399999962,1.7306786815999977,1.7732304383999988,1.8159919103999986,1.8589630975999993,1.9021440000000003
33,-1.8925986946679908e-15,0.03331499839999821,0.06685999359999839,0.10063498559999838,0.1346399743999982,0.16887495999999794,0.2033399423999977,0.2380349215999974,0.27295989759999717,0.3081148703999967,0.34349983999999617,0.37911480639999573,0.41495976959999525,0.451034729599995,0.48733968639999486,0.5238746399999945,0.560639590399994,0.5976345375999936,0.6348594815999933,0.6723144223999928,0.7099993599999926,0.7479142943999925,0.7860592255999923,0.8244341535999921,0.8630390783999919,0.9018739999999918,0.940938918399992,0.9802338335999923,1.019758745599993,1.0595136543999932,1.099498559999994,1.139713462399994,1.1801583615999942,1.2208332575999947,1.2617381503999943,1.3028730399999944,1.3442379263999944,1.3858328095999932,1.4276576895999933,1.469712566399994,1.5119974399999943,1.5545123103999945,1.5972571775999946,1.640232041599994,1.6834369023999949,1.7268717599999954,1.7705366143999974,1.8144314655999974,1.8585563135999976,1.9029111583999996,1.9474960000000001
34,-2.6811892152478765e-15,0.03372577279999778,0.06770309119999812,0.10193195519999818,0.13641236479999802,0.17114431999999782,0.20612782079999759,0.24136286719999728,0.276849459199997,0.3125875967999964,0.3485772799999959,0.3848185087999954,0.42131128319999506,0.45805560319999483,0.4950514687999945,0.5322988799999941,0.5697978367999936,0.6075483391999931,0.6455503871999929,0.6838039807999924,0.7223091199999921,0.7610658047999922,0.8000740351999924,0.839333811199992,0.8788451327999915,0.9186079999999917,0.9586224127999916,0.9988883711999921,1.0394058751999926,1.0801749247999928,1.1211955199999932,1.1624676607999938,1.203991347199994,1.245766579199994,1.2877933567999942,1.330071679999994,1.3726015487999934,1.415382963199993,1.4584159231999927,1.5017004287999924,1.5452364799999934,1.5890240767999941,1.633063219199994,1.677353907199994,1.7218961407999953,1.7666899199999953,1.8117352447999966,1.8570321151999973,1.9025805311999986,1.9483804927999984,1.9944320000000002
35,-6.111549265898363e-15,0.034137199999997474,0.06854879999999823,0.10323479999999828,0.13819519999999805,0.17342999999999772,0.2089391999999974,0.2447227999999971,0.2807807999999968,0.3171131999999964,0.3537199999999958,0.39060119999999515,0.4277567999999949,0.46518679999999457,0.5028911999999941,0.5408699999999937,0.5791231999999933,0.6176507999999927,0.6564527999999925,0.695529199999992,0.7348799999999915,0.7745051999999916,0.8144047999999916,0.8545787999999911,0.8950271999999906,0.9357499999999912,0.9767471999999913,1.0180187999999917,1.0595647999999924,1.1013851999999926,1.1434799999999925,1.185849199999993,1.2284927999999933,1.2714107999999933,1.3146031999999934,1.3580699999999928,1.4018111999999927,1.445826799999992,1.490116799999991,1.5346811999999914,1.5795199999999923,1.624633199999993,1.6700207999999943,1.715682799999994,1.7616191999999946,1.8078299999999954,1.8543151999999958,1.9010747999999973,1.9481087999999986,1.9954171999999992,2.043
36,4.889249692459946e-15,0.0345492992,0.06939719679999892,0.1045436927999985,0.13998878719999813,0.17573247999999775,0.21177477119999727,0.24811566079999695,0.2847551487999967,0.32169323519999615,0.3589299199999956,0.3964652031999952,0.43429908479999463,0.4724315647999942,0.5108626431999936,0.5495923199999934,0.5886205951999928,0.6279474687999922,0.6675729407999916,0.7074970111999914,0.7477196799999908,0.7882409471999907,0.8290608127999909,0.8701792767999905,0.9115963391999902,0.9533119999999908,0.9953262591999907,1.0376391167999912,1.0802505727999918,1.123160627199992,1.166369279999992,1.209876531199992,1.2536823807999926,1.2977868287999925,1.3421898751999928,1.3868915199999923,1.4318917631999921,1.4771906047999916,1.5227880447999913,1.568684083199991,1.6148787199999917,1.6613719551999924,1.7081637887999932,1.7552542207999937,1.8026432511999944,1.8503308799999947,1.8983171071999956,1.9466019327999973,1.995185356799998,2.0440673791999986,2.093248
37,-2.641776774365681e-15,0.03496208959999872,0.07024835839999881,0.10585880639999853,0.14179343359999813,0.1780522399999977,0.21463522559999723,0.2515423903999969,0.28877373439999643,0.3263292575999959,0.3642089599999954,0.40241284159999496,0.4409409023999945,0.4797931423999939,0.5189695615999933,0.5584701599999927,0.5982949375999925,0.6384438943999919,0.6789170303999915,0.7197143455999908,0.7608358399999903,0.8022815135999902,0.8440513663999901,0.8861453983999901,0.92856360959999,0.9713059999999906,1.0143725695999908,1.0577633183999908,1.1014782463999908,1.1455173535999916,1.1898806399999915,1.2345681055999909,1.2795797503999917,1.324915574399992,1.3705755775999917,1.4165597599999915,1.4628681215999915,1.5095006623999914,1.5564573823999917,1.6037382815999908,1.6513433599999912,1.6992726175999924,1.7475260543999926,1.7961036703999924,1.8450054655999935,1.8942314399999942,1.9437815935999956,1.9936559263999973,2.0438544383999973,2.094377129599999,2.145224
38,-4.928695651123816e-15,0.0353755903999987,0.071102361599999,0.10718031359999868,0.14360944639999823,0.1803897599999977,0.21752125439999723,0.25500392959999685,0.2928377855999964,0.331022822399996,0.36955903999999545,0.4084464383999949,0.44768501759999435,0.4872747775999937,0.5272157183999929,0.5675078399999925,0.608151142399992,0.6491456255999916,0.6904912895999912,0.7321881343999906,0.7742361599999901,0.81663536639999,0.85938575359999,0.9024873215999902,0.94594007039999,0.98974399999999,1.0338991103999902,1.0784054015999907,1.123262873599991,1.1684715263999912,1.2140313599999912,1.2599423743999913,1.3062045695999918,1.3528179455999916,1.399782502399991,1.4470982399999914,1.4947651583999908,1.5427832575999911,1.591152537599991,1.6398729983999913,1.6889446399999914,1.7383674623999916,1.7881414655999919,1.8382666495999929,1.8887430143999933,1.939570559999994,1.9907492863999947,2.042279193599996,2.0941602815999962,2.146392550399998,2.198976
39,1.088257452998733e-14,0.035789820800002016,0.0719592831999998,0.10850838719999889,0.14543713279999834,0.18274551999999775,0.22043354879999716,0.2585012191999967,0.29694853119999626,0.3357754847999958,0.37498207999999533,0.41456831679999484,0.4545341951999942,0.4948797151999936,0.5356048767999931,0.5767096799999925,0.6181941247999919,0.6600582111999914,0.7023019391999912,0.7449253087999905,0.7879283199999905,0.8313109727999901,0.87507326719999,0.91921520319999,0.96373678079999,1.00863799999999,1.0539188607999899,1.0995793631999902,1.1456195071999906,1.1920392927999905,1.2388387199999906,1.2860177887999908,1.3335764991999912,1.3815148511999908,1.4298328447999904,1.4785304799999905,1.5276077567999906,1.577064675199991,1.626901235199991,1.6771174367999913,1.7277132799999915,1.778688764799992,1.8300438911999926,1.881778659199993,1.9338930687999936,1.9863871199999934,2.0392608127999945,2.0925141471999957,2.146147123199996,2.200159740799997,2.2545520000000003
40,-7.649354683380773e-15,0.03620479999999868,0.07281919999999927,0.10984319999999884,0.14727679999999824,0.18511999999999762,0.22337279999999707,0.2620351999999967,0.30110719999999613,0.34058879999999564,0.38047999999999504,0.4207807999999945,0.46149119999999405,0.5026111999999936,0.5441407999999931,0.5860799999999925,0.6284287999999919,0.6711871999999914,0.7143551999999912,0.7579327999999907,0.8019199999999904,0.8463167999999902,0.8911231999999899,0.9363391999999895,0.9819647999999891,1.0279999999999894,1.0744447999999895,1.1212991999999897,1.1685631999999897,1.2162367999999901,1.2643199999999906,1.3128127999999903,1.3617151999999904,1.4110271999999904,1.4607487999999904,1.5108799999999898,1.5614207999999905,1.61237119999999,1.6637311999999902,1.715500799999991,1.7676799999999917,1.8202687999999918,1.8732671999999915,1.9266751999999918,1.9804927999999926,2.034719999999993,2.089356799999994,2.1444031999999957,2.199859199999996,2.2557247999999985,2.3120000000000003
41,6.190463312232356e-15,0.03662054720000108,0.0736821887999996,0.11118492479999881,0.14912875519999813,0.1875136799999975,0.2263396991999969,0.2656068127999965,0.3053150207999959,0.3454643231999952,0.38605471999999463,0.4270862111999943,0.4685587967999939,0.5104724767999935,0.552827251199993,0.5956231199999924,0.6388600831999917,0.6825381407999914,0.7266572927999911,0.7712175391999906,0.8162188799999901,0.8616613151999897,0.9075448447999892,0.9538694687999892,1.0006351871999888,1.0478419999999888,1.095489907199989,1.143578908799989,1.1921090047999894,1.2410801951999897,1.2904924799999902,1.3403458591999897,1.3906403327999897,1.4413759007999891,1.4925525631999894,1.5441703199999897,1.59622917119999,1.6487291167999896,1.7016701567999897,1.7550522911999904,1.8088755199999913,1.8631398431999917,1.9178452607999923,1.9729917727999915,2.0285793791999924,2.0846080799999935,2.1410778751999944,2.1979887647999954,2.255340748799997,2.3131338271999993,2.3713680000000004
42,-5.9144605012751315e-16,0.03703708159999985,0.07454832639999931,0.11253373439999867,0.15099330559999805,0.1899270399999974,0.22933493759999674,0.2692169983999962,0.30957322239999563,0.35040360959999517,0.39170815999999453,0.43348687359999394,0.4757397503999936,0.5184667903999932,0.5616679935999925,0.6053433599999921,0.6494928895999919,0.6941165823999914,0.7392144383999906,0.78478645759999,0.8308326399999896,0.8773529855999893,0.9243474943999889,0.9718161663999888,1.0197590015999884,1.0681759999999882,1.1170671615999888,1.1664324863999889,1.2162719743999886,1.266585625599989,1.3173734399999892,1.3686354175999893,1.4203715583999883,1.4725818623999882,1.525266329599988,1.578424959999989,1.6320577535999894,1.6861647103999884,1.7407458303999892,1.7958011135999894,1.85133055999999,1.9073341695999928,1.9638119423999918,2.0207638783999924,2.078189977599994,2.136090239999994,2.1944646655999955,2.253313254399996,2.312636006399998,2.3724329215999997,2.4327039999999998
43,3.942976621080831e-17,0.03745442239999959,0.07541768959999909,0.11388980159999852,0.15287075839999795,0.19236055999999735,0.2323592063999967,0.2728666975999961,0.3138830335999956,0.35540821439999504,0.39744223999999434,0.4399851103999937,0.4830368255999933,0.5265973855999929,0.5706667903999924,0.6152450399999918,0.6603321343999914,0.7059280735999909,0.7520328575999901,0.7986464863999898,0.8457689599999895,0.8934002783999894,0.9415404415999888,0.9901894495999887,1.0393473023999884,1.089013999999988,1.139189542399988,1.1898739295999885,1.2410671615999884,1.2927692383999885,1.344980159999988,1.3976999263999883,1.450928537599988,1.5046659935999878,1.5589122943999871,1.6136674399999875,1.6689314303999876,1.7247042655999882,1.7809859455999888,1.83777647039999,1.8950758399999907,1.9528840543999924,2.0112011135999937,2.070027017599993,2.129361766399993,2.189205359999994,2.2495577983999953,2.310419081599997,2.3717892095999975,2.4336681823999995,2.496056
44,1.9714895931868433e-16,0.03787258879999938,0.07629035519999895,0.11525329919999844,0.15476142079999794,0.1948147199999974,0.23541319679999673,0.2765568511999962,0.3182456831999957,0.360479692799995,0.4032588799999943,0.44658324479999373,0.49045278719999313,0.5348675071999928,0.5798274047999923,0.6253324799999919,0.6713827327999913,0.7179781631999906,0.76511877119999,0.8128045567999896,0.8610355199999892,0.909811660799989,0.9591329791999887,1.0089994751999882,1.0594111487999882,1.110367999999988,1.1618700287999877,1.213917235199988,1.2665096191999876,1.3196471807999877,1.3733299199999875,1.4275578367999873,1.4823309311999866,1.5376492031999862,1.5935126527999859,1.6499212799999867,1.7068750847999867,1.7643740671999875,1.8224182271999882,1.8810075647999889,1.9401420799999904,1.9998217727999912,2.060046643199992,2.1208166911999933,2.1821319167999937,2.2439923199999945,2.306397900799996,2.3693486591999986,2.4328445951999997,2.4968857088000003,2.5614719999999997
45,-3.7852621603002396e-15,0.03829159999999877,0.07716639999999891,0.11662439999999852,0.15666559999999796,0.19728999999999736,0.23849759999999676,0.28028839999999616,0.32266239999999563,0.36561959999999494,0.4091599999999944,0.45328359999999396,0.4979903999999933,0.5432803999999928,0.5891535999999923,0.6356099999999916,0.6826495999999911,0.7302723999999904,0.77847839999999,0.8272675999999898,0.8766399999999889,0.9265955999999889,0.9771343999999884,1.0282563999999883,1.0799615999999888,1.1322499999999882,1.185121599999988,1.2385763999999877,1.2926143999999868,1.3472355999999865,1.4024399999999866,1.458227599999986,1.514598399999986,1.571552399999986,1.6290895999999861,1.6872099999999857,1.7459135999999866,1.8052003999999875,1.8650703999999878,1.9255235999999878,1.98655999999999,2.0481795999999908,2.1103823999999913,2.173168399999993,2.2365375999999935,2.300489999999995,2.3650255999999965,2.430144399999998,2.495846399999999,2.5621316,2.629
46,3.7064043570261384e-15,0.03871147520000055,0.07804590079999933,0.11800327679999857,0.15858360319999795,0.19978687999999742,0.24161310719999685,0.2840622847999962,0.32713441279999556,0.3708294911999949,0.41514751999999444,0.46008849919999395,0.5056524287999935,0.5518393087999928,0.5986491391999925,0.6460819199999918,0.6941376511999914,0.7428163327999904,0.7921179647999899,0.8420425471999893,0.8925900799999889,0.9437605631999888,0.9955539967999887,1.0479703807999883,1.1010097151999876,1.1546719999999873,1.2089572351999864,1.2638654207999866,1.3193965567999861,1.3755506431999858,1.432327679999986,1.4897276671999855,1.5477506047999856,1.6063964927999854,1.6656653311999856,1.7255571199999855,1.7860718591999862,1.8472095487999873,1.9089701887999875,1.9713537791999878,2.034360319999989,2.0979898111999904,2.16224225279999,2.2271176447999923,2.292615987199994,2.358737279999995,2.4254815231999967,2.492848716799997,2.560838860799999,2.629451955199999,2.698688
47,3.627546246036588e-15,0.03913223360000039,0.07892893439999919,0.11939010239999845,0.16051573759999788,0.20230583999999735,0.24476040959999681,0.28787944639999624,0.33166295039999566,0.376110921599995,0.42122335999999444,0.4670002655999939,0.5134416383999935,0.5605474783999927,0.6083177855999922,0.6567525599999915,0.7058518015999908,0.7556155103999905,0.8060436863999899,0.8571363295999894,0.908893439999989,0.9613150175999885,1.0144010623999884,1.0681515743999879,1.122566553599987,1.1776459999999862,1.2333899135999857,1.2897982943999857,1.3468711423999853,1.404608457599985,1.4630102399999854,1.5220764895999859,1.5818072063999855,1.6422023903999856,1.7032620415999853,1.7649861599999859,1.8273747455999865,1.890427798399987,1.9541453183999864,2.0185273055999877,2.0835737599999886,2.1492846815999895,2.215660070399989,2.2826999263999914,2.3504042495999933,2.4187730399999943,2.4878062975999953,2.5575040223999976,2.6278662143999982,2.6988928735999984,2.770584
48,-4.652724099358627e-15,0.03955389439999821,0.07981557759999854,0.12078504959999821,0.16246231039999778,0.2048473599999973,0.24794019839999681,0.2917408255999963,0.33624924159999564,0.3814654463999951,0.4273894399999945,0.474021222399994,0.5213607935999935,0.5694081535999926,0.618163302399992,0.6676262399999913,0.7177969663999908,0.7686754815999906,0.8202617855999903,0.8725558783999898,0.9255577599999892,0.9792674303999885,1.0336848895999882,1.0888101375999877,1.1446431743999865,1.201183999999986,1.2584326143999855,1.3163890175999855,1.375053209599985,1.4344251903999852,1.494504959999985,1.5552925183999846,1.6167878655999848,1.6789910015999852,1.741901926399985,1.8055206399999857,1.8698471423999852,1.934881433599986,2.0006235135999866,2.0670733823999874,2.1342310399999875,2.2020964863999892,2.2706697215999903,2.339950745599991,2.409939558399993,2.480636159999994,2.552040550399994,2.624152729599995,2.696972697599997,2.7705004543999983,2.8447359999999997
49,-2.0897835402204673e-15,0.03997647679999854,0.08070590719999854,0.12218829119999827,0.16442362879999786,0.2074119199999974,0.2511531647999969,0.29564736319999635,0.34089451519999575,0.3868946207999952,0.4336476799999945,0.481153692799994,0.5294126591999934,0.5784245791999928,0.628189452799992,0.6787072799999915,0.7299780607999913,0.7820017951999909,0.8347784831999904,0.8883081247999899,0.9425907199999893,0.9976262687999888,1.0534147711999882,1.1099562271999879,1.1672506367999869,1.2252979999999865,1.2840983167999858,1.343651587199985,1.4039578111999849,1.4650169887999849,1.526829119999985,1.5893942047999847,1.6527122431999848,1.7167832351999848,1.7816071807999851,1.8471840799999848,1.9135139327999842,1.980596739199985,2.048432499199986,2.117021212799987,2.186362879999988,2.256457500799988,2.3273050751999884,2.39890560319999,2.471259084799992,2.544365519999993,2.618224908799994,2.692837251199995,2.7682025471999965,2.8443207967999995,2.921192
50,3.548690041759886e-16,0.04039999999999948,0.08159999999999899,0.12359999999999849,0.166399999999998,0.2099999999999975,0.25439999999999696,0.2995999999999963,0.3455999999999958,0.39239999999999536,0.43999999999999456,0.488399999999994,0.5375999999999933,0.5875999999999928,0.6383999999999922,0.6899999999999918,0.7423999999999915,0.7955999999999909,0.8495999999999905,0.9043999999999902,0.9599999999999893,1.0163999999999886,1.073599999999988,1.1315999999999877,1.1903999999999877,1.2499999999999867,1.3103999999999858,1.3715999999999857,1.4335999999999844,1.4963999999999842,1.5599999999999854,1.624399999999985,1.6895999999999847,1.7555999999999843,1.8223999999999847,1.8899999999999844,1.9583999999999848,2.027599999999984,2.0975999999999844,2.168399999999987,2.239999999999987,2.312399999999987,2.3855999999999877,2.45959999999999,2.534399999999991,2.6099999999999914,2.6863999999999932,2.763599999999994,2.841599999999996,2.920399999999999,3.0
51,-8.674577817000458e-16,0.040824483200000046,0.0824979327999994,0.12502034879999865,0.16839173119999806,0.21261207999999754,0.25768139519999705,0.3035996767999965,0.3503669247999959,0.3979831391999955,0.44644831999999474,0.49576246719999434,0.545925580799994,0.5969376607999932,0.6487987071999926,0.7015087199999922,0.7550676991999917,0.8094756447999912,0.8647325567999905,0.9208384351999904,0.9777932799999896,1.035597091199989,1.0942498687999882,1.153751612799988,1.214102323199988,1.2753019999999866,1.3373506431999853,1.4002482527999855,1.4639948287999849,1.5285903711999849,1.5940348799999846,1.6603283551999846,1.7274707967999838,1.7954622047999842,1.8643025791999839,1.9339919199999838,2.004530227199984,2.0759175007999833,2.148153740799984,2.2212389471999856,2.295173119999986,2.3699562591999856,2.4455883647999856,2.5220694367999874,2.59939947519999,2.677578479999991,2.756606451199993,2.8364833887999947,2.917209292799995,2.998784163199997,3.081208
52,1.0212346106503354e-14,0.04124994560000218,0.08339978239999976,0.12644951039999866,0.170399129599998,0.2152486399999975,0.26099804159999707,0.30764733439999664,0.3551965183999962,0.4036455935999957,0.45299455999999527,0.5032434175999945,0.554392166399994,0.6064408063999934,0.6593893375999927,0.7132377599999924,0.7679860735999922,0.8236342783999916,0.8801823743999911,0.9376303615999908,0.9959782399999904,1.0552260095999892,1.1153736703999886,1.1764212223999881,1.238368665599988,1.3012159999999873,1.3649632255999866,1.429610342399986,1.495157350399986,1.5616042495999858,1.628951039999985,1.6971977215999845,1.7663442943999834,1.8363907583999834,1.9073371135999835,1.9791833599999835,2.0519294975999824,2.1255755263999827,2.200121446399982,2.2755672575999832,2.3519129599999844,2.4291585535999842,2.5073040383999854,2.5863494143999874,2.6662946815999886,2.7471398399999907,2.8288848895999927,2.9115298303999944,2.995074662399995,3.079519385599997,3.164864
53,-5.677907795826238e-15,0.041676406399998714,0.08430562559999889,0.12788765759999837,0.17242250239999785,0.2179101599999974,0.264350630399997,0.31174391359999665,0.3600900095999963,0.40938891839999586,0.4596406399999955,0.5108451743999949,0.5630025215999939,0.6161126815999936,0.670175654399993,0.7251914399999926,0.7811600383999923,0.838081449599992,0.8959556735999917,0.9547827103999912,1.0145625599999906,1.0752952223999896,1.136980697599989,1.1996189855999886,1.2632100863999884,1.3277539999999879,1.3932507263999876,1.459700265599987,1.5271026175999862,1.5954577823999856,1.6647657599999848,1.735026550399984,1.8062401535999828,1.878406569599983,1.9515257983999843,2.025597839999983,2.100622694399983,2.176600361599983,2.2535308415999826,2.3314141343999832,2.410250239999984,2.490039158399985,2.5707808895999853,2.6524754335999874,2.7351227903999886,2.8187229599999903,2.9032759423999925,2.9887817375999943,3.0752403455999944,3.1626517663999967,3.2510160000000003
54,4.731590617332206e-16,0.04210388479999946,0.08521553919999873,0.12933496319999824,0.1744621567999978,0.22059711999999737,0.26773985279999696,0.3158903551999966,0.3650486271999963,0.415214668799996,0.4663884799999956,0.5185700607999948,0.5717594111999938,0.6259565311999934,0.6811614207999932,0.7373740799999928,0.7945945087999923,0.8528227071999921,0.9120586751999916,0.9723024127999909,1.0335539199999906,1.0958131967999902,1.1590802431999891,1.2233550591999889,1.2886376447999894,1.3549279999999886,1.4222261247999874,1.490532019199987,1.5598456831999863,1.6301671167999858,1.7014963199999849,1.773833292799984,1.8471780351999834,1.921530547199983,1.996890828799984,2.073258879999984,2.1506347007999835,2.2290182911999836,2.3084096511999825,2.388808780799984,2.4702156799999844,2.5526303487999846,2.6360527871999846,2.720482995199987,2.805920972799989,2.89236671999999,2.979820236799993,3.068281523199995,3.1577505791999974,3.2482274047999975,3.3397120000000005
55,5.401900074857556e-15,0.04253239999999991,0.08612959999999854,0.130791599999998,0.17651839999999758,0.22330999999999715,0.2711663999999967,0.3200875999999965,0.3700735999999962,0.42112439999999596,0.4732399999999956,0.5264203999999949,0.5806655999999945,0.6359755999999939,0.6923503999999935,0.7497899999999931,0.8082943999999925,0.8678635999999922,0.9284975999999918,0.9901963999999913,1.052959999999991,1.1167883999999901,1.1816815999999897,1.2476395999999894,1.3146623999999891,1.3827499999999888,1.4519023999999878,1.5221195999999868,1.5934015999999862,1.6657483999999854,1.7391599999999847,1.8136363999999845,1.8891775999999842,1.9657835999999838,2.043454399999984,2.1221899999999834,2.2019903999999833,2.2828555999999836,2.3647855999999834,2.447780399999983,2.531839999999984,2.6169643999999836,2.703153599999984,2.7904075999999858,2.878726399999988,2.9681099999999896,3.058558399999993,3.1500715999999946,3.2426495999999965,3.3362923999999987,3.4310000000000005
56,-9.226604223854139e-15,0.04296197119999623,0.08704788479999737,0.13225774079999747,0.17859153919999737,0.22604927999999705,0.27463096319999664,0.3243365887999964,0.37516615679999604,0.4271196671999957,0.4801971199999954,0.5343985151999949,0.5897238527999943,0.646173132799994,0.7037463551999937,0.7624435199999929,0.8222646271999924,0.8832096767999921,0.9452786687999916,1.0084716031999916,1.072788479999991,1.1382292991999903,1.2047940607999899,1.2724827647999892,1.3412954111999895,1.411231999999989,1.4822925311999877,1.5544770047999865,1.6277854207999858,1.7022177791999857,1.7777740799999848,1.8544543231999848,1.9322585087999848,2.011186636799983,2.0912387071999823,2.172414719999982,2.2547146751999825,2.338138572799983,2.4226864127999828,2.5083581951999836,2.595153919999984,2.683073587199984,2.772117196799984,2.862284748799985,2.953576243199987,3.04599167999999,3.139531059199993,3.234194380799994,3.329981644799996,3.426892851199998,3.5249280000000005
57,-4.6527325638925416e-15,0.04339261759999687,0.08797047039999731,0.13373355839999734,0.1806818815999972,0.22881543999999698,0.27813423359999667,0.3286382623999964,0.380327526399996,0.43320202559999577,0.48726175999999544,0.542506729599995,0.5989369343999946,0.6565523743999939,0.7153530495999937,0.7753389599999931,0.8365101055999925,0.8988664863999919,0.9624081023999915,1.0271349535999912,1.0930470399999903,1.1601443615999902,1.2284269183999896,1.2978947103999892,1.3685477375999888,1.4403859999999882,1.513409497599987,1.587618230399986,1.6630121983999853,1.739591401599985,1.8173558399999845,1.8963055135999842,1.976440422399984,2.057760566399983,2.140265945599982,2.2239565599999827,2.3088324095999835,2.394893494399983,2.4821398143999835,2.5705713695999846,2.6601881599999837,2.750990185599984,2.8429774463999844,2.936149942399985,3.030507673599986,3.1260506399999892,3.222778841599992,3.320692278399994,3.4197909503999973,3.5200748575999983,3.6215440000000005
58,2.8389557402742513e-15,0.04382435839999861,0.0888974335999978,0.1352192255999975,0.18278973439999727,0.231608959999997,0.2816769023999967,0.33299356159999643,0.3855589375999961,0.4393730303999959,0.49443583999999563,0.5507473663999953,0.608307609599995,0.667116569599994,0.7271742463999936,0.7884806399999933,0.8510357503999926,0.914839577599992,0.9798921215999914,1.0461933823999907,1.1137433599999906,1.1825420543999903,1.2525894655999894,1.3238855935999891,1.3964304383999881,1.4702239999999873,1.5452662783999873,1.6215572735999868,1.6990969855999856,1.777885414399985,1.8579225599999845,1.9392084223999844,2.021743001599984,2.105526297599983,2.1905583103999833,2.2768390399999836,2.364368486399984,2.4531466495999834,2.5431735295999833,2.6344491263999843,2.7269734399999837,2.8207464703999845,2.9157682175999837,3.0120386815999844,3.1095578623999853,3.2083257599999886,3.308342374399991,3.409607705599994,3.5121217535999967,3.6158845183999975,3.7208959999999998
59,-6.269361130056153e-15,0.04425721279999694,0.08982885119999758,0.1367149151999975,0.1849154047999973,0.23443031999999692,0.2852596607999966,0.33740342719999633,0.39086161919999596,0.4456342367999959,0.5017212799999959,0.5591227487999954,0.6178386431999948,0.6778689631999942,0.7392137087999937,0.8018728799999933,0.8658464767999926,0.9311344991999924,0.9977369471999916,1.0656538207999917,1.1348851199999912,1.2054308447999909,1.2772909951999902,1.3504655711999893,1.424954572799988,1.500757999999987,1.5778758527999872,1.6563081311999863,1.7360548351999856,1.8171159647999855,1.8994915199999851,1.983181500799985,2.068185907199985,2.1545047391999845,2.2421379967999853,2.331085679999985,2.421347788799985,2.5129243231999845,2.605815283199984,2.700020668799985,2.7955404799999846,2.8923747167999836,2.990523379199983,3.089986467199985,3.190763980799986,3.292855919999988,3.39626228479999,3.500983075199994,3.6070182911999966,3.7143679327999974,3.8230319999999995
60,-2.9572460379837236e-15,0.04469119999999782,0.09076479999999784,0.1382207999999977,0.18705919999999737,0.23727999999999697,0.28888319999999656,0.34186879999999625,0.39623679999999595,0.4519871999999957,0.5091199999999957,0.5676351999999952,0.6275327999999947,0.688812799999994,0.7514751999999935,0.8155199999999931,0.8809471999999927,0.9477567999999925,1.0159487999999923,1.085523199999992,1.1564799999999915,1.228819199999991,1.30254079999999,1.3776447999999888,1.4541311999999873,1.5319999999999871,1.6112511999999866,1.691884799999986,1.7739007999999852,1.857299199999985,1.942079999999985,2.0282431999999857,2.115788799999985,2.2047167999999857,2.2950271999999856,2.3867199999999853,2.4797951999999848,2.5742527999999845,2.670092799999984,2.7673151999999837,2.8659199999999836,2.9659071999999824,3.067276799999982,3.1700287999999834,3.2741631999999834,3.3796799999999876,3.48657919999999,3.594860799999992,3.7045247999999953,3.8155711999999964,3.928
61,3.3121157803555663e-15,0.04512633919999945,0.09170535679999842,0.1397370527999979,0.1892214271999975,0.24015847999999707,0.29254821119999663,0.3463906207999962,0.4016857087999959,0.45843347519999555,0.5166339199999952,0.576287043199995,0.6373928447999944,0.6999513247999938,0.7639624831999934,0.8294263199999933,0.8963428351999928,0.9647120287999925,1.0345339007999925,1.105808451199992,1.178535679999992,1.2527155871999907,1.32834817279999,1.405433436799989,1.4839713791999878,1.563961999999987,1.6454052991999863,1.7283012767999864,1.8126499327999854,1.898451267199986,1.9857052799999857,2.074411971199986,2.164571340799987,2.2561833887999865,2.3492481151999858,2.4437655199999853,2.5397356031999845,2.6371583647999843,2.7360338047999826,2.8363619231999824,2.9381427199999837,3.041376195199982,3.146062348799983,3.252201180799983,3.3597926911999836,3.4688368799999876,3.5793337471999904,3.6912832927999926,3.804685516799993,3.9195404191999956,4.035848
62,-4.2978647722346496e-15,0.04556264959999825,0.09265059839999834,0.14126384639999798,0.19140239359999758,0.24306623999999713,0.2962553855999966,0.3509698303999962,0.40720957439999583,0.4649746175999954,0.524264959999995,0.5850806015999949,0.6474215423999943,0.7112877823999938,0.7766793215999936,0.8435961599999933,0.912038297599993,0.9820057343999931,1.0534984703999926,1.1265165055999922,1.2010598399999917,1.2771284735999906,1.3547224063999896,1.4338416383999883,1.5144861695999878,1.5966559999999874,1.6803511295999871,1.7655715583999865,1.8523172863999866,1.9405883135999866,2.0303846399999865,2.1217062655999857,2.2145531903999855,2.3089254143999853,2.404822937599985,2.502245759999985,2.601193881599985,2.7016673023999838,2.803666022399982,2.907190041599982,3.012239359999982,3.1188139775999817,3.226913894399982,3.3365391103999826,3.4476896255999843,3.5603654399999876,3.6745665535999894,3.7902929663999925,3.9075446783999936,4.026321689599997,4.146624
63,1.813777885430109e-15,0.046000150399999495,0.09360060159999867,0.1428013535999981,0.19360240639999765,0.24600375999999713,0.3000054143999967,0.3556073695999963,0.4128096255999959,0.4716121823999955,0.5320150399999951,0.5940181983999948,0.6576216575999946,0.722825417599994,0.7896294783999935,0.858033839999993,0.9280385023999931,0.9996434655999932,1.072848729599993,1.1476542943999926,1.2240601599999916,1.3020663263999908,1.3816727935999893,1.462879561599988,1.5456866303999877,1.6300939999999873,1.7161016703999876,1.8037096415999871,1.8929179135999878,1.9837264863999873,2.076135359999987,2.170144534399986,2.265754009599986,2.362963785599986,2.4617738623999856,2.5621842399999846,2.6641949183999856,2.767805897599984,2.873017177599983,2.979828758399982,3.088240639999981,3.1982528223999824,3.309865305599982,3.4230780895999837,3.537891174399985,3.654304559999987,3.77231824639999,3.891932233599993,4.013146521599994,4.135961110399998,4.260376
64,-5.125894251098251e-16,0.04643886079999926,0.09455544319999869,0.14434974719999813,0.19582177279999766,0.2489715199999972,0.3037989887999967,0.36030417919999624,0.41848709119999594,0.4783477247999955,0.5398860799999952,0.6031021567999947,0.6679959551999943,0.7345674751999938,0.8028167167999934,0.872743679999993,0.944348364799993,1.017630771199993,1.0925908991999933,1.1692287487999926,1.247544319999992,1.3275376127999912,1.4092086271999895,1.4925573631999889,1.5775838207999877,1.6642879999999878,1.7526699007999882,1.8427295231999874,1.9344668671999878,2.027881932799987,2.1229747199999864,2.2197452287999857,2.318193459199986,2.418319411199986,2.520123084799985,2.623604479999986,2.7287635967999866,2.8356004351999835,2.9441149951999823,3.05430727679998,3.1661772799999803,3.2797250047999813,3.3949504511999833,3.511853619199984,3.630434508799986,3.7506931199999887,3.872629452799991,3.9962435071999938,4.121535283199994,4.248504780799995,4.377152000000001
65,-7.885991461814123e-17,0.046878799999999374,0.09551519999999868,0.1459091999999981,0.19806079999999762,0.25196999999999714,0.30763679999999677,0.36506119999999626,0.42424319999999593,0.4851827999999955,0.5478799999999951,0.6123347999999947,0.6785471999999944,0.746517199999994,0.8162447999999938,0.8877299999999934,0.9609727999999932,1.035973199999993,1.1127311999999925,1.1912467999999923,1.2715199999999915,1.3535507999999907,1.4373391999999898,1.5228851999999888,1.6101887999999882,1.6992499999999884,1.7900687999999882,1.8826451999999878,1.976979199999988,2.073070799999987,2.1709199999999864,2.2705267999999874,2.371891199999987,2.475013199999986,2.579892799999986,2.6865299999999857,2.794924799999985,2.9050771999999823,3.0169871999999813,3.1306547999999803,3.24607999999998,3.3632627999999816,3.482203199999983,3.6029011999999847,3.7253567999999877,3.849569999999988,3.9755407999999925,4.103269199999996,4.232755199999996,4.363998799999996,4.497
66,4.573875203621066e-15,0.047319987199999664,0.09647994879999855,0.14747988479999805,0.2003197951999976,0.25499967999999723,0.31151953919999675,0.3698793727999962,0.43007918079999585,0.49211896319999554,0.5559987199999951,0.6217184511999949,0.6892781567999945,0.7586778367999942,0.8299174911999938,0.9029971199999938,0.9779167231999941,1.0546763007999937,1.133275852799993,1.2137153791999924,1.2959948799999916,1.3801143551999906,1.4660738047999897,1.553873228799989,1.6435126271999885,1.7349919999999888,1.8283113471999888,1.9234706687999887,2.0204699647999877,2.1193092351999874,2.2199884799999867,2.322507699199986,2.426866892799986,2.5330660607999858,2.6411052031999853,2.750984319999984,2.8627034111999827,2.976262476799983,3.0916615167999817,3.208900531199981,3.3279795199999804,3.448898483199981,3.5716574207999834,3.6962563327999858,3.8226952191999892,3.9509740799999893,4.0810929151999895,4.213051724799994,4.346850508799993,4.482489267199996,4.619968
67,-1.127696851123664e-14,0.047762441599996146,0.0974497663999978,0.14906197439999794,0.20259906559999769,0.2580610399999973,0.3154478975999967,0.3747596383999964,0.435996262399996,0.49915776959999547,0.5642441599999952,0.6312554335999948,0.7001915903999946,0.7710526303999942,0.843838553599994,0.9185493599999942,0.9951850495999944,1.073745622399994,1.1542310783999934,1.2366414175999927,1.3209766399999923,1.4072367455999912,1.4954217343999907,1.5855316063999898,1.6775663615999894,1.7715259999999888,1.867410521599989,1.9652199263999888,2.0649542143999877,2.166613385599987,2.2701974399999862,2.3757063775999856,2.483140198399985,2.592498902399984,2.7037824895999845,2.816990959999984,2.932124313599983,3.0491825503999825,3.168165670399982,3.2890736735999826,3.4119065599999825,3.536664329599983,3.663346982399983,3.791954518399985,3.922486937599987,4.0549442399999895,4.189326425599992,4.325633494399995,4.463865446399996,4.6040222816,4.746104000000001
68,-3.4698365558789128e-15,0.048206182399998396,0.09842472959999857,0.15065564159999828,0.20489891839999785,0.2611545599999974,0.3194225663999969,0.3797029375999964,0.4419956735999961,0.5063007743999957,0.5726182399999953,0.6409480703999949,0.711290265599995,0.7836448255999947,0.8580117503999944,0.9343910399999943,1.0127826943999942,1.0931867135999935,1.1756030975999934,1.2600318463999922,1.3464729599999925,1.4349264383999913,1.5253922815999903,1.6178704895999907,1.71236106239999,1.8088639999999891,1.9073793023999885,2.007906969599988,2.110447001599987,2.2149993983999874,2.3215641599999866,2.4301412863999854,2.5407307775999843,2.6533326335999834,2.767946854399983,2.8845734399999827,3.003212390399983,3.123863705599982,3.246527385599983,3.3712034303999836,3.4978918399999834,3.626592614399983,3.757305753599984,3.890031257599985,4.0247691263999865,4.161519359999989,4.300281958399993,4.441056921599995,4.583844249599996,4.728643942399997,4.875456000000001
69,1.0527799792072529e-14,0.048651228800002354,0.09940491519999986,0.15226105919999877,0.2072196607999981,0.2642807199999975,0.32344423679999695,0.38471021119999654,0.44807864319999613,0.5135495327999958,0.5811228799999955,0.6507986847999949,0.7225769471999948,0.7964576671999944,0.8724408447999947,0.9505264799999943,1.030714572799994,1.1130051231999933,1.1973981311999928,1.2838935967999923,1.3724915199999923,1.4631919007999912,1.5559947391999909,1.6509000351999903,1.7479077887999903,1.847017999999989,1.9482306687999884,2.051545795199989,2.156963379199988,2.264483420799988,2.374105919999988,2.4858308767999864,2.5996582911999844,2.7155881631999828,2.8336204927999815,2.9537552799999816,3.075992524799982,3.2003322271999823,3.326774387199984,3.4553190047999838,3.5859660799999844,3.718715612799982,3.853567603199984,3.9905220511999846,4.129578956799986,4.270738319999987,4.41400014079999,4.5593644191999925,4.706831155199996,4.856400348799998,5.008072000000001
70,2.1292179783781176e-15,0.04909760000000062,0.10039039999999945,0.15387839999999864,0.209561599999998,0.2674399999999975,0.327513599999997,0.3897823999999966,0.4542463999999963,0.520905599999996,0.5897599999999956,0.660809599999995,0.7340543999999948,0.8094943999999946,0.8871295999999943,0.9669599999999939,1.0489855999999935,1.133206399999993,1.2196223999999927,1.3082335999999921,1.3990399999999914,1.4920415999999916,1.5872383999999917,1.684630399999991,1.7842175999999903,1.8859999999999897,1.989977599999989,2.0961503999999884,2.204518399999987,2.3150815999999868,2.427839999999987,2.5427935999999858,2.6599423999999847,2.779286399999983,2.900825599999981,3.0245599999999806,3.1504895999999807,3.2786143999999813,3.4089343999999815,3.541449599999983,3.676159999999985,3.813065599999983,3.9521663999999843,4.093462399999985,4.2369535999999846,4.382639999999985,4.530521599999988,4.68059839999999,4.832870399999994,4.9873376,5.144000000000001
71,-3.193827024016321e-15,0.049545315199998566,0.10138126079999865,0.15550783679999824,0.2119250431999978,0.2706328799999973,0.33163134719999693,0.3949204447999966,0.46050017279999617,0.528370531199996,0.5985315199999958,0.6709831391999952,0.7457253887999947,0.8227582687999947,0.9020817791999943,0.9836959199999937,1.0676006911999933,1.1537960927999935,1.2422821247999927,1.333058787199992,1.4261260799999917,1.5214840031999914,1.6191325567999912,1.7190717407999905,1.8213015551999903,1.9258219999999902,2.032633075199989,2.1417347807999874,2.253127116799987,2.3668100831999865,2.4827836799999856,2.601047907199984,2.721602764799983,2.8444482527999813,2.9695843711999803,3.097011119999981,3.2267284991999814,3.358736508799981,3.493035148799981,3.6296244191999816,3.768504319999984,3.9096748511999855,4.0531360127999845,4.198887804799987,4.346930227199987,4.497263279999987,4.649886963199987,4.804801276799988,4.962006220799991,5.121501795199996,5.283287999999999
72,-4.968175447719058e-15,0.04999439359999819,0.1023775743999986,0.1571495423999983,0.21431029759999778,0.27385983999999736,0.335798169599997,0.40012528639999656,0.46684119039999616,0.5359458815999961,0.6074393599999957,0.6813216255999952,0.7575926783999947,0.8362525183999943,0.9173011455999943,1.0007385599999938,1.0865647615999936,1.1747797503999935,1.265383526399993,1.3583760895999928,1.453757439999992,1.5515275775999915,1.6516865023999912,1.7542342143999898,1.8591707135999893,1.9664959999999894,2.0762100735999893,2.1883129343999865,2.3028045823999865,2.4196850175999853,2.5389542399999847,2.660612249599984,2.7846590463999834,2.9110946303999814,3.039919001599982,3.171132159999982,3.3047341055999815,3.440724838399981,3.579104358399981,3.719872665599982,3.8630297599999817,4.008575641599983,4.156510310399985,4.306833766399985,4.459546009599987,4.614647039999987,4.772136857599988,4.932015462399989,5.094282854399994,5.258939033599997,5.425984
73,3.2332570813793483e-15,0.05044485440000055,0.10337941759999933,0.15880368959999852,0.21671767039999784,0.27712135999999726,0.3400147583999968,0.40539786559999647,0.4732706815999961,0.543633206399996,0.6164854399999955,0.691827382399995,0.7696590335999944,0.8499803935999943,0.9327914623999942,1.0180922399999943,1.1058827263999942,1.1961629215999938,1.2889328255999934,1.3841924383999924,1.4819417599999924,1.5821807903999918,1.6849095295999905,1.7901279775999892,1.8978361343999883,2.0080339999999888,2.1207215743999894,2.235898857599987,2.353565849599985,2.4737225503999842,2.5963689599999835,2.7215050783999826,2.8491309055999823,2.9792464415999813,3.111851686399981,3.246946639999981,3.3845313023999815,3.5246056735999804,3.6671697535999797,3.8122235423999817,3.9597670399999827,4.109800246399983,4.2623231615999835,4.417335785599985,4.5748381183999856,4.734830159999988,4.897311910399989,5.0622833695999905,5.229744537599995,5.3996954143999965,5.5721359999999995
74,5.993354661384082e-15,0.05089671680000147,0.10438686719999961,0.1604704511999986,0.21914746879999786,0.28041791999999727,0.34428180479999676,0.4107391231999963,0.47978987519999583,0.5514340607999957,0.6256716799999953,0.7025027327999949,0.7819272191999949,0.8639451391999946,0.9485564927999947,1.0357612799999945,1.1255595007999946,1.2179511551999938,1.312936243199993,1.4105147647999927,1.5106867199999923,1.6134521087999918,1.7188109311999904,1.8267631871999885,1.9373088767999882,2.050447999999989,2.166180556799989,2.2845065471999866,2.4054259711999855,2.5289388287999848,2.6550451199999836,2.7837448447999824,2.915038003199981,3.048924595199981,3.1854046207999804,3.32447807999998,3.4661449727999805,3.61040529919998,3.757259059199981,3.9067062527999803,4.05874687999998,4.213380940799981,4.370608435199983,4.530429363199984,4.692843724799985,4.857851519999986,5.02545274879999,5.1956474111999915,5.368435507199994,5.5438170367999975,5.721792000000001
75,-3.942996529026149e-16,0.05134999999999973,0.10539999999999912,0.16214999999999843,0.22159999999999777,0.28374999999999717,0.3485999999999966,0.416149999999996,0.4863999999999957,0.5593499999999954,0.6349999999999952,0.7133499999999948,0.7943999999999951,0.8781499999999945,0.9645999999999945,1.0537499999999942,1.145599999999994,1.2401499999999939,1.3373999999999928,1.4373499999999928,1.539999999999992,1.6453499999999917,1.7533999999999903,1.8641499999999884,1.977599999999988,2.093749999999988,2.2125999999999886,2.3341499999999873,2.458399999999986,2.5853499999999854,2.714999999999983,2.847349999999981,2.98239999999998,3.1201499999999807,3.260599999999981,3.4037499999999787,3.5495999999999786,3.6981499999999796,3.8493999999999806,4.00334999999998,4.159999999999979,4.3193499999999805,4.481399999999983,4.646149999999984,4.813599999999986,4.9837499999999855,5.156599999999988,5.332149999999989,5.510399999999993,5.691349999999995,5.875
76,-3.469836977407972e-15,0.05180472319999874,0.1064188927999986,0.1638425087999981,0.2240755711999975,0.287118079999997,0.35297003519999637,0.42163143679999593,0.4931022847999955,0.5673825791999954,0.6444723199999952,0.7243715071999951,0.8070801407999952,0.8925982207999945,0.9809257471999941,1.0720627199999935,1.1660091391999934,1.2627650047999932,1.3623303167999923,1.4647050751999924,1.5698892799999913,1.6778829311999914,1.7886860287999893,1.9022985727999882,2.0187205631999876,2.137951999999988,2.259992883199989,2.3848432127999883,2.5125029887999863,2.6429722111999845,2.7762508799999828,2.9123389951999807,3.05123655679998,3.1929435647999806,3.3374600191999804,3.4847859199999798,3.6349212671999784,3.787866060799978,3.943620300799978,4.102183987199978,4.263557119999977,4.4277396991999804,4.594731724799982,4.764533196799982,4.937144115199984,5.1125644799999845,5.290794291199985,5.471833548799989,5.6556822527999895,5.842340403199995,6.031808
77,6.939674010728994e-15,0.052260905600000115,0.10744362239999841,0.16554815039999768,0.22657448959999718,0.2905226399999967,0.3573926015999964,0.4271843743999958,0.49989795839999557,0.5755333535999954,0.6540905599999949,0.7355695775999949,0.8199704063999951,0.9072930463999942,0.9975374975999942,1.0907037599999938,1.1867918335999927,1.2858017183999926,1.3877334143999926,1.4925869215999918,1.6003622399999906,1.7110593695999907,1.8246783103999904,1.9412190623999896,2.0606816255999885,2.1830659999999873,2.3083721855999886,2.4366001823999874,2.567749990399986,2.7018216095999845,2.8388150399999814,2.9787302815999803,3.1215673343999795,3.267326198399981,3.4160068735999807,3.5676093599999796,3.722133657599979,3.8795797663999783,4.0399476863999775,4.203237417599977,4.369448959999979,4.5385823135999805,4.71063747839998,4.885614454399979,5.063513241599982,5.244333839999985,5.4280762495999895,5.61474047039999,5.804326502399992,5.996834345599996,6.192264000000001
78,-6.072214802312004e-15,0.05271856639999639,0.10847426559999702,0.16726709759999706,0.2290970623999969,0.2939641599999966,0.36186839039999613,0.43280975359999563,0.5067882495999954,0.5838038783999949,0.6638566399999948,0.7469465343999943,0.8330735615999943,0.9222377215999938,1.0144390143999935,1.1096774399999931,1.2079529983999924,1.3092656895999926,1.4136155135999924,1.5210024703999916,1.6314265599999909,1.7448877823999904,1.8613861375999905,1.9809216255999889,2.1034942463999884,2.229103999999987,2.3577508863999865,2.4894349055999863,2.624156057599986,2.7619143423999835,2.9027097599999823,3.046542310399981,3.1934119935999794,3.343318809599979,3.4962627583999812,3.6522438399999797,3.811262054399979,3.973317401599977,4.138409881599976,4.306539494399977,4.4777062399999785,4.651910118399981,4.829151129599982,5.009429273599981,5.192744550399983,5.379096959999986,5.568486502399989,5.760913177599992,5.956376985599992,6.154877926399995,6.356416000000001
79,-1.245986941189218e-14,0.05317772479999451,0.1095108991999964,0.1689995231999968,0.23164359679999674,0.2974431199999965,0.3663980927999962,0.43850851519999573,0.5137743871999954,0.5921957087999948,0.6737724799999949,0.7585047007999942,0.846392371199994,0.9374354911999937,1.0316340607999934,1.1289880799999927,1.2294975487999922,1.3331624671999918,1.4399828351999915,1.5499586527999913,1.6630899199999911,1.7793766367999906,1.8988188031999902,2.02141641919999,2.147169484799989,2.276077999999988,2.408141964799987,2.543361379199986,2.681736243199986,2.823266556799983,2.967952319999981,3.1157935327999806,3.2667901951999805,3.4209423071999807,3.5782498687999804,3.7387128799999787,3.9023313407999756,4.069105251199977,4.239034611199976,4.4121194207999785,4.588359679999977,4.767755388799982,4.950306547199984,5.136013155199983,5.324875212799984,5.516892719999987,5.7120656767999884,5.910394083199992,6.111877939199994,6.316517244799998,6.524312
80,-1.4983387349000736e-15,0.053638399999997685,0.11055359999999739,0.17074559999999714,0.23421439999999685,0.3009599999999967,0.3709823999999962,0.44428159999999584,0.5208575999999954,0.6007103999999949,0.6838399999999949,0.7702463999999941,0.8599295999999936,0.9528895999999936,1.0491263999999934,1.1486399999999923,1.2514303999999918,1.3574975999999919,1.466841599999991,1.5794623999999908,1.6953599999999909,1.8145343999999903,1.93698559999999,2.06271359999999,2.1917183999999894,2.323999999999989,2.4595583999999886,2.5983935999999868,2.7405055999999854,2.885894399999983,3.0345599999999817,3.186502399999981,3.34172159999998,3.5002175999999805,3.661990399999979,3.827039999999978,3.9953663999999764,4.166969599999976,4.341849599999976,4.520006399999979,4.701439999999979,4.886150399999982,5.074137599999982,5.265401599999983,5.459942399999986,5.657759999999987,5.85885439999999,6.06322559999999,6.270873599999992,6.481798399999994,6.6960000000000015
81,8.990032452324575e-15,0.05410061120000037,0.11160244479999823,0.17250550079999746,0.2368097791999971,0.3045152799999967,0.3756220031999962,0.4501299487999959,0.5280391167999957,0.6093495071999954,0.6940611199999949,0.782173955199994,0.8736880127999936,0.9686032927999932,1.066919795199993,1.1686375199999923,1.273756467199992,1.3822766367999915,1.494198028799991,1.6095206431999907,1.7282444799999905,1.8503695391999901,1.9758958207999902,2.1048233247999906,2.237152051199989,2.3728819999999886,2.512013171199989,2.6545455647999874,2.800479180799985,2.9498140191999833,3.1025500799999826,3.2586873631999813,3.4182258687999814,3.5811655967999814,3.7475065471999796,3.9172487199999773,4.090392115199975,4.2669367327999765,4.446882572799977,4.630229635199976,4.816977919999978,5.007127427199977,5.200678156799978,5.39763010879998,5.597983283199983,5.801737679999986,6.008893299199988,6.219450140799991,6.433408204799995,6.650767491199996,6.8715280000000005
82,-9.463192094723168e-15,0.05456437759999658,0.11265751039999748,0.1742793983999974,0.2394300415999972,0.30810943999999685,0.38031759359999645,0.45605450239999595,0.5353201663999955,0.6181145855999952,0.7044377599999947,0.7942896895999942,0.8876703743999939,0.9845798143999931,1.0850180095999926,1.188984959999992,1.2964806655999919,1.4075051263999914,1.5220583423999907,1.6401403135999906,1.7617510399999905,1.8868905215999898,2.01555875839999,2.14775575039999,2.283481497599989,2.4227359999999885,2.5655192575999886,2.7118312703999874,2.8616720383999854,3.015041561599984,3.1719398399999825,3.3323668735999816,3.496322662399981,3.6638072063999805,3.834820505599979,4.0093625599999765,4.187433369599975,4.369032934399977,4.554161254399976,4.7428183295999755,4.935004159999977,5.130718745599977,5.329962086399979,5.532734182399983,5.739035033599984,5.948864639999987,6.162223001599987,6.379110118399992,6.5995259903999965,6.823470617599999,7.050944000000001
83,1.8137784914891646e-15,0.05502971839999791,0.11371887359999754,0.1760674655999975,0.2420754943999974,0.3117429599999972,0.3850698623999967,0.4620562015999962,0.5427019775999957,0.6270071903999951,0.7149718399999946,0.806595926399994,0.9018794495999933,1.0008224095999927,1.1034248063999923,1.2096866399999917,1.3196079103999914,1.4331886175999908,1.55042876159999,1.6713283423999907,1.7958873599999905,1.92410581439999,2.055983705599989,2.191521033599989,2.3307177983999887,2.4735739999999886,2.620089638399989,2.770264713599986,2.924099225599985,3.0815931743999836,3.2427465599999827,3.4075593823999832,3.5760316415999833,3.7481633375999817,3.92395447039998,4.103405039999977,4.286515046399975,4.473284489599976,4.663713369599975,4.857801686399975,5.055549439999975,5.256956630399978,5.462023257599982,5.670749321599984,5.8831348223999855,6.099179759999988,6.318884134399985,6.54224794559999,6.769271193599995,6.999953878399999,7.234296000000001
84,-1.3721628632044783e-14,0.055496652799995695,0.11478661119999757,0.1778698751999978,0.2447464447999977,0.3154163199999974,0.38987950079999695,0.4681359871999964,0.5501857791999959,0.6360288767999952,0.7256652799999945,0.819094988799994,0.9163180031999933,1.0173343231999927,1.1221439487999925,1.2307468799999919,1.343143116799992,1.4593326591999913,1.5793155071999907,1.703091660799991,1.8306611199999905,1.9620238847999896,2.0971799551999886,2.236129331199989,2.378872012799989,2.525407999999988,2.6757372927999867,2.829859891199986,2.987775795199985,3.1494850047999834,3.314987519999984,3.4842833407999834,3.6573724671999837,3.8342548991999816,4.0149306367999795,4.199399679999977,4.387662028799975,4.579717683199977,4.775566643199977,4.975208908799976,5.178644479999978,5.385873356799976,5.596895539199979,5.811711027199982,6.030319820799984,6.252721919999984,6.478917324799983,6.70890603519999,6.942688051199996,7.1802633728,7.421631999999999
85,7.49169381456001e-15,0.05596520000000105,0.11586079999999928,0.17968679999999862,0.24744319999999811,0.31912999999999764,0.3947471999999971,0.4742947999999966,0.5577727999999962,0.6451811999999953,0.7365199999999947,0.8317891999999936,0.9309887999999931,1.0341187999999921,1.141179199999992,1.2521699999999918,1.3670911999999915,1.485942799999991,1.6087247999999907,1.7354371999999905,1.86607999999999,2.0006531999999893,2.139156799999989,2.281590799999988,2.4279551999999884,2.5782499999999877,2.732475199999985,2.890630799999985,3.0527167999999847,3.218733199999984,3.3886799999999853,3.5625571999999837,3.740364799999984,3.922102799999983,4.1077711999999815,4.29736999999998,4.490899199999981,4.688358799999979,4.889748799999977,5.095069199999976,5.304319999999977,5.517501199999976,5.734612799999979,5.955654799999982,6.180627199999984,6.409529999999987,6.642363199999986,6.879126799999992,7.119820799999998,7.364445199999995,7.6129999999999995
86,5.599055391101517e-15,0.05643537920000174,0.11694151680000002,0.1815184127999991,0.25016606719999857,0.322884479999998,0.39967365119999726,0.48053358079999686,0.5654642687999967,0.6544657151999956,0.7475379199999945,0.8446808831999937,0.9458946047999933,1.0511790847999927,1.1605343231999925,1.2739603199999916,1.3914570751999906,1.513024588799991,1.6386628607999905,1.76837189119999,1.9021516799999898,2.040002227199989,2.1819235327999884,2.3279155967999876,2.4779784191999865,2.632111999999986,2.7903163391999857,2.952591436799984,3.118937292799985,3.2893539071999838,3.463841279999985,3.642399411199984,3.825028300799984,4.011727948799983,4.202498355199982,4.397339519999981,4.596251443199982,4.799234124799981,5.006287564799979,5.217411763199977,5.432606719999976,5.6518724351999765,5.875208908799979,6.102616140799981,6.3340941311999845,6.5696428799999875,6.809262387199991,7.052952652799992,7.300713676799993,7.552545459199996,7.808447999999999
87,-1.3406188993821096e-15,0.056907209600000286,0.11802883839999986,0.1833648863999992,0.2529153535999986,0.3266802399999979,0.40465954559999723,0.4868532703999968,0.5732614143999963,0.6638839775999957,0.7587209599999944,0.8577723615999938,0.9610381823999931,1.0685184223999928,1.180213081599992,1.2961221599999917,1.4162456575999913,1.5405835743999907,1.66913591039999,1.8019026655999906,1.93888383999999,2.0800794335999893,2.225489446399988,2.3751138783999868,2.528952729599986,2.6870059999999842,2.8492736895999835,3.015755798399984,3.1864523263999835,3.3613632735999848,3.5404886399999858,3.7238284255999856,3.9113826303999852,4.103151254399983,4.2991342975999824,4.499331759999982,4.7037436415999805,4.912369942399979,5.1252106623999785,5.342265801599976,5.563535359999977,5.789019337599976,6.018717734399976,6.252630550399979,6.490757785599983,6.733099439999987,6.9796555135999885,7.230426006399994,7.485410918399993,7.744610249599995,8.008023999999999
88,4.33729644747029e-15,0.05738071040000089,0.11912284159999985,0.18522639359999926,0.25569136639999873,0.3305177599999981,0.40970557439999766,0.4932548095999971,0.5811654655999966,0.6734375423999958,0.7700710399999949,0.8710659583999937,0.9764222975999929,1.0861400575999927,1.200219238399992,1.3186598399999918,1.4414618623999915,1.5686253055999908,1.700150169599991,1.8360364543999907,1.9762841599999903,2.1208932863999896,2.269863833599989,2.4231958015999875,2.580889190399986,2.7429439999999845,2.9093602303999844,3.0801378815999834,3.255276953599984,3.4347774463999854,3.618639359999986,3.806862694399986,3.9994474495999857,4.196393625599985,4.397701222399983,4.603370239999982,4.813400678399981,5.027792537599981,5.2465458175999755,5.469660518399976,5.697136639999978,5.928974182399979,6.165173145599978,6.405733529599979,6.650655334399983,6.8999385599999865,7.153583206399991,7.411589273599996,7.673956761599995,7.940685670399995,8.211776
89,-3.942996777042786e-15,0.05785590079999906,0.12022360319999942,0.18710310719999915,0.25849441279999874,0.3343975199999983,0.4148124287999978,0.4997391391999973,0.589177651199997,0.6831279647999963,0.7815900799999955,0.8845639967999942,0.9920497151999934,1.104047235199993,1.2205565567999928,1.3415776799999926,1.4671106047999924,1.5971553311999915,1.731711859199991,1.870780188799991,2.014360319999991,2.1624522527999908,2.3150559871999903,2.472171523199988,2.6337988607999865,2.799937999999985,2.9705889407999844,3.1457516831999843,3.325426227199986,3.5096125727999867,3.6983107199999874,3.891520668799989,4.089242419199987,4.291475971199987,4.498221324799984,4.709478479999983,4.925247436799983,5.145528195199983,5.370320755199981,5.599625116799978,5.833441279999978,6.071769244799976,6.314609011199979,6.561960579199979,6.813823948799979,7.070199119999986,7.33108609279999,7.596484867199994,7.866395443199996,8.140817820799999,8.419752
90,1.1040390991973148e-15,0.05833279999999987,0.12133119999999954,0.18899519999999922,0.2613247999999988,0.3383199999999985,0.419980799999998,0.5063071999999974,0.5972991999999967,0.6929567999999963,0.7932799999999955,0.898268799999995,1.0079231999999945,1.1222431999999938,1.2412287999999934,1.3648799999999932,1.4931967999999929,1.626179199999992,1.7638271999999922,1.9061407999999918,2.0531199999999923,2.2047647999999915,2.36107519999999,2.5220511999999875,2.6876927999999864,2.857999999999986,3.032972799999985,3.2126111999999862,3.3969151999999885,3.5858847999999885,3.779519999999989,3.977820799999991,4.1807871999999895,4.388419199999987,4.600716799999984,4.817679999999984,5.039308799999984,5.265603199999982,5.496563199999979,5.73218879999998,5.97247999999998,6.217436799999979,6.46705919999998,6.721347199999978,6.98030079999998,7.243919999999985,7.512204799999992,7.785155199999997,8.0627712,8.3450528,8.632000000000001
91,-1.2617589721411507e-15,0.0588114271999998,0.12244570879999978,0.19090284479999942,0.264182835199999,0.34228567999999865,0.42521137919999813,0.5129599327999977,0.6055313407999973,0.7029256031999968,0.8051427199999963,0.912182691199996,1.0240455167999953,1.1407311967999945,1.2622397311999942,1.3885711199999937,1.519725363199994,1.6557024607999937,1.7965024127999936,1.942125219199993,2.092570879999993,2.2478393951999927,2.4079307647999917,2.5728449887999902,2.7425820671999888,2.9171419999999872,3.096524787199987,3.2807304287999877,3.469758924799988,3.6636102751999897,3.8622844799999916,4.065781539199991,4.274101452799989,4.487244220799988,4.705209843199986,4.927998319999985,5.155609651199984,5.388043836799984,5.625300876799984,5.867380771199983,6.11428351999998,6.366009123199984,6.62255758079998,6.883928892799979,7.150123059199979,7.421140079999985,7.696979955199989,7.977642684799994,8.263128268800003,8.553436707200003,8.848568
92,8.674592943303306e-16,0.059291801600000804,0.12356720640000027,0.19282621439999972,0.26706882559999917,0.34629503999999883,0.4305048575999984,0.5196982783999979,0.6138753023999973,0.7130359295999968,0.8171801599999966,0.9263079935999959,1.0404194303999958,1.1595144703999951,1.2835931135999945,1.4126553599999945,1.5467012095999948,1.6857306623999941,1.8297437183999945,1.9787403775999943,2.132720639999994,2.291684505599993,2.4556319743999926,2.6245630463999916,2.79847772159999,2.97737599999999,3.1612578815999894,3.3501233663999885,3.5439724543999898,3.7428051455999904,3.9466214399999906,4.155421337599989,4.369204838399988,4.587971942399988,4.811722649599988,5.040456959999986,5.274174873599983,5.512876390399983,5.756561510399985,6.005230233599986,6.258882559999986,6.517518489599986,6.7811380223999835,7.04974115839998,7.32332789759998,7.601898239999986,7.885452185599989,8.17398973439999,8.467510886399996,8.766015641600001,9.069504
93,5.993355130425509e-15,0.059773942400002306,0.12469576960000073,0.1947654815999999,0.26998307839999924,0.3503485599999988,0.4358619263999985,0.5265231775999981,0.6223323135999975,0.7232893343999973,0.8293942399999965,0.9406470303999966,1.0570477055999965,1.1785962655999958,1.3052927103999954,1.4371370399999956,1.5741292543999956,1.7162693535999958,1.8635573375999954,2.015993206399995,2.173576959999994,2.336308598399994,2.5041881215999933,2.677215529599992,2.8553908223999906,3.0387139999999913,3.2271850623999914,3.4208040095999896,3.6195708415999897,3.8234855583999905,4.032548159999991,4.246758646399988,4.466117017599987,4.690623273599985,4.920277414399988,5.155079439999987,5.395029350399987,5.640127145599986,5.890372825599988,6.145766390399987,6.406307839999986,6.671997174399987,6.942834393599987,7.218819497599985,7.499952486399986,7.786233359999987,8.077662118399989,8.37423876159999,8.675963289599995,8.982835702399997,9.294856000000001
94,6.466514751629391e-15,0.06025786880000169,0.12583147520000038,0.19672081919999979,0.2729259007999993,0.3544467199999988,0.44128327679999857,0.5334355711999983,0.6309036031999978,0.7336873727999975,0.8417868799999971,0.9552021247999972,1.073933107199997,1.1979798271999966,1.3273422847999965,1.462020479999996,1.6020144127999962,1.7473240831999972,1.8979494911999968,2.0538906367999954,2.2151475199999946,2.381720140799994,2.553608499199993,2.730812595199993,2.9133324287999915,3.101167999999992,3.294319308799992,3.4927863551999905,3.696569139199989,3.9056676607999905,4.120081919999991,4.33981191679999,4.564857651199989,4.795219123199989,5.030896332799988,5.271889279999987,5.518197964799986,5.769822387199986,6.026762547199987,6.289018444799987,6.556590079999987,6.82947745279999,7.107680563199991,7.391199411199991,7.680033996799992,7.974184319999993,8.273650380799994,8.578432179199996,8.888529715199994,9.203942988799994,9.524672
95,-1.3248469257387515e-14,0.060743599999997615,0.1269743999999996,0.19869239999999963,0.27589759999999935,0.35858999999999897,0.4467695999999986,0.5404363999999985,0.6395903999999982,0.7442315999999981,0.8543599999999977,0.9699755999999974,1.091078399999997,1.2176683999999973,1.3497455999999972,1.4873099999999977,1.6303615999999979,1.7789003999999988,1.9329263999999984,2.092439599999997,2.2574399999999955,2.4279275999999945,2.603902399999994,2.785364399999993,2.972313599999992,3.164749999999992,3.3626735999999915,3.566084399999991,3.774982399999991,3.9893675999999916,4.209239999999995,4.434599599999993,4.6654463999999916,4.90178039999999,5.143601599999989,5.390909999999987,5.643705599999986,5.901988399999989,6.16575839999999,6.435015599999989,6.709759999999988,6.989991599999992,7.275710399999992,7.566916399999991,7.863609599999994,8.165789999999996,8.473457599999996,8.786612399999997,9.1052544,9.42938360000001,9.759000000000002
96,9.305472460847452e-15,0.06123115520000242,0.12812462080000073,0.20068039680000002,0.2788984831999996,0.3627788799999993,0.4523215871999989,0.5475266047999986,0.6483939327999981,0.7549235711999982,0.8671155199999979,0.9849697791999981,1.1084863487999983,1.2376652287999985,1.3725064191999987,1.5130099199999987,1.6591757311999993,1.8110038527999999,1.9684942847999987,2.131647027199998,2.3004620799999964,2.474939443199995,2.655079116799994,2.8408811007999932,3.0323453951999944,3.229471999999993,3.4322609151999934,3.6407121407999923,3.8548256767999938,4.074601523199992,4.300039679999992,4.531140147199992,4.767902924799991,5.010328012799991,5.258415411199992,5.51216511999999,5.771577139199989,6.036651468799987,6.30738810879999,6.583787059199988,6.865848319999991,7.153571891199992,7.446957772799994,7.746005964799996,8.050716467199996,8.361089279999996,8.677124403199997,8.998821836799996,9.326181580799997,9.659203635199999,9.997887999999998
97,3.390977254681464e-15,0.06172055360000202,0.12928221440000096,0.2026849824000003,0.28192885759999986,0.36701383999999965,0.45793992959999946,0.5547071263999991,0.6573154303999987,0.7657648415999985,0.8800553599999984,1.0001869855999985,1.126159718399999,1.257973558399999,1.395628505599999,1.539124559999999,1.688461721599999,1.8436399903999992,2.0046593664,2.1715198495999988,2.3442214399999974,2.522764137599997,2.707147942399996,2.8973728543999955,3.0934388735999954,3.295345999999994,3.5030942335999957,3.7166835743999953,3.936114022399996,4.161385577599995,4.392498239999994,4.629452009599993,4.872246886399993,5.120882870399994,5.375359961599994,5.635678159999992,5.901837465599992,6.17383787839999,6.451679398399991,6.735362025599991,7.024885759999995,7.320250601599995,7.621456550399992,7.928503606399992,8.241391769599998,8.560121040000004,8.884691417600001,9.215102902399998,9.551355494399997,9.8934491936,10.241383999999998
98,2.1292182772971754e-15,0.06221181440000132,0.1304472576000007,0.2047063296000003,0.2849890304,0.3712953599999998,0.46362531839999965,0.5619789055999993,0.6663561215999992,0.7767569663999991,0.893181439999999,1.015629542399999,1.1441012735999998,1.2785966335999999,1.4191156223999994,1.5656582399999994,1.7182244863999994,1.8768143615999997,2.0414278656000002,2.2120649983999994,2.3887257599999976,2.5714101503999975,2.7601181695999975,2.9548498175999973,3.1556050943999963,3.3623839999999965,3.5751865343999967,3.7940126975999964,4.018862489599996,4.249735910399996,4.486632959999994,4.729553638399992,4.978497945599992,5.233465881599994,5.494457446399996,5.761472639999996,6.034511462399993,6.313573913599994,6.598659993599994,6.889769702399994,7.186903039999997,7.490060006399996,7.799240601599996,8.114444825599998,8.435672678400003,8.762924160000003,9.096199270400003,9.435498009600003,9.780820377599998,10.132166374399997,10.489536000000001
99,1.5771987246400337e-16,0.06270495680000046,0.13161982720000037,0.2067446112000001,0.28807930880000004,0.37562392000000006,0.4693784447999999,0.5693428831999998,0.6755172351999997,0.7879015007999995,0.9064956799999997,1.0312997727999997,1.1623137791999998,1.2995376992000005,1.4429715327999995,1.5926152799999993,1.7484689407999994,1.9105325152000006,2.0788060032000004,2.253289404799999,2.433982719999999,2.6208859487999994,2.813999091199999,3.0133221472,3.2188551167999986,3.4305979999999976,3.6485507967999973,3.872713507199997,4.103086131199997,4.339668668799997,4.582461119999997,4.831463484799996,5.086675763199996,5.348097955199997,5.615730060799995,5.889572079999995,6.169624012799995,6.455885859199995,6.748357619199995,7.047039292799998,7.35193088,7.663032380799998,7.980343795199999,8.303865123199996,8.633596364800002,8.969537520000001,9.311688588800003,9.660049571200004,10.014620467199999,10.375401276800002,10.742392
100,0.0,0.0632,0.1328,0.20879999999999999,0.2912,0.38,0.47519999999999996,0.5768000000000001,0.6848000000000001,0.7991999999999999,0.92,1.0472,1.1808,1.3208000000000002,1.4672,1.62,1.7792,1.9448000000000003,2.1167999999999996,2.2952000000000004,2.4800000000000004,2.6712,2.8688,3.0728,3.2832,3.5,3.7232000000000003,3.9528000000000003,4.1888000000000005,4.4312,4.68,4.9352,5.1968000000000005,5.4648,5.739200000000001,6.020000000000001,6.3072,6.6008,6.9008,7.2072,7.520000000000001,7.839200000000002,8.1648,8.4968,8.8352,9.180000000000001,9.5312,9.888800000000002,10.252799999999999,10.6232,11.0
